Palle ID,Palle Naem,Upabasti ID,created on,modified on
80101001001,Shanthi Nagar,80101001001,08-Jan-21,08-Jan-21
80101001002,New Shanthi Nagar,80101001002,08-Jan-21,08-Jan-21
80101001003,Padmavathi Colony,80101001003,08-Jan-21,08-Jan-21
80101001004,Satya Nagar,80101001004,08-Jan-21,08-Jan-21
80101002005,Vijayapuri colony,80101002005,08-Jan-21,08-Jan-21
80101002006,New Vijayapuri colony,80101002006,08-Jan-21,08-Jan-21
80101002007,Saibaba colony,80101002007,08-Jan-21,08-Jan-21
80101003008,Laxma Reddy Colony,80101003008,08-Jan-21,08-Jan-21
80101003009,Hanuma sainagar ,80101003009,08-Jan-21,08-Jan-21
80101003010,Survey Colony,80101003010,08-Jan-21,08-Jan-21
80101004011,Surya Nagar,80101004011,08-Jan-21,08-Jan-21
80101004012,Rajnagar,80101004012,08-Jan-21,08-Jan-21
80101005013,Bharath Nagar,80101005013,08-Jan-21,08-Jan-21
80101005014,Vinayak Nagar,80101005014,08-Jan-21,08-Jan-21
80101006015,Kumari Basti,80101006015,08-Jan-21,08-Jan-21
80101006016,Sri Rama colony,80101006016,08-Jan-21,08-Jan-21
80101006017,kamari Basti,80101006017,08-Jan-21,08-Jan-21
80101006018,Chakali Bast,80101006018,08-Jan-21,08-Jan-21
80101007019,Gandhi Nagar,80101007019,08-Jan-21,08-Jan-21
80101007020,swarup Reddy colony,80101007020,08-Jan-21,08-Jan-21
80101007021,Balaji Nagar (South swaroop nagar),80101007021,08-Jan-21,08-Jan-21
80101008022,South Swaroop Nagar,80101008022,08-Jan-21,08-Jan-21
80101008023,sri sri nagar,80101008023,08-Jan-21,08-Jan-21
80101009024,Ganesh Nagar ,80101009024,08-Jan-21,08-Jan-21
80101009025,New Bharath Nagar,80101009025,08-Jan-21,08-Jan-21
80101009026,Hanuman Nagar,80101009026,08-Jan-21,08-Jan-21
80101009027,Kaveri Nagar,80101009027,08-Jan-21,08-Jan-21
80101009028,Amrutha Colony,80101009028,08-Jan-21,08-Jan-21
80101010029,Srinivasa colony,80101010029,08-Jan-21,08-Jan-21
80101010030,Budagajangala colony,80101010030,08-Jan-21,08-Jan-21
80101010031,Dwaraka Nagar,80101010031,08-Jan-21,08-Jan-21
80101011032,Swaroop Nagar,80101011032,08-Jan-21,08-Jan-21
80101011033,Balaji Hills,80101011033,08-Jan-21,08-Jan-21
80102012034,Prasanth Nagar,80102012034,08-Jan-21,08-Jan-21
80102012035,Dharmapuri colony,80102012035,08-Jan-21,08-Jan-21
80102012036,Bank colony,80102012036,08-Jan-21,08-Jan-21
80102013037,Beerappagada,80102013037,08-Jan-21,08-Jan-21
80102013038,P & T Colony,80102013038,08-Jan-21,08-Jan-21
80102013039,Srinagar colony,80102013039,08-Jan-21,08-Jan-21
80102014040,Sitharama colony,80102014040,08-Jan-21,08-Jan-21
80102014041,Teachers colony,80102014041,08-Jan-21,08-Jan-21
80102014042,High court colony,80102014042,08-Jan-21,08-Jan-21
80102015043,Kalyanpuri ,80102015043,08-Jan-21,08-Jan-21
80102015044,Sri Raghavendra Nagar,80102015044,08-Jan-21,08-Jan-21
80102015045,East Kalyanpuri ,80102015045,08-Jan-21,08-Jan-21
80102015046,Balaji enclave,80102015046,08-Jan-21,08-Jan-21
80102016047,Markandeya Nagar,80102016047,08-Jan-21,08-Jan-21
80102016048,Chilukeshwara Gutta,80102016048,08-Jan-21,08-Jan-21
80102017049,Mallikarjuna Nagar,80102017049,08-Jan-21,08-Jan-21
80102017050,North Kalyanpuri,80102017050,08-Jan-21,08-Jan-21
80102018051,Adharsh Nagar,80102018051,08-Jan-21,08-Jan-21
80102018052,Ganesh Nagar,80102018052,08-Jan-21,08-Jan-21
80102019053,New Ramnagar,80102019053,08-Jan-21,08-Jan-21
80102019054,Kumari kunta,80102019054,08-Jan-21,08-Jan-21
80102020055,Shivalayam ,80102020055,08-Jan-21,08-Jan-21
80102020056,Bodrai,80102020056,08-Jan-21,08-Jan-21
80102021057,Padmavathi Nagar,80102021057,08-Jan-21,08-Jan-21
80102021058,Balaji Hills,80102021058,08-Jan-21,08-Jan-21
80102021059,Srinivasa Heights,80102021059,08-Jan-21,08-Jan-21
80102022060,Hema nagar,80102022060,08-Jan-21,08-Jan-21
80102022061,Edaiah nagar,80102022061,08-Jan-21,08-Jan-21
80102022062,Rajashekar colony,80102022062,08-Jan-21,08-Jan-21
80103023063,Naacharam,80103023063,08-Jan-21,08-Jan-21
80103023064,Sri Ram Nagar,80103023064,08-Jan-21,08-Jan-21
80103023065,Ambedkar nagar,80103023065,08-Jan-21,08-Jan-21
80103023066,Ram Reddy Nagar,80103023066,08-Jan-21,08-Jan-21
80103023067,Gandhi Nagar,80103023067,08-Jan-21,08-Jan-21
80103024068,Veera Savarkar Nagar,80103024068,08-Jan-21,08-Jan-21
80103024069,Hanuman Nagar,80103024069,08-Jan-21,08-Jan-21
80103024070,Baba Nagar,80103024070,08-Jan-21,08-Jan-21
80103024071,Singam Chervu,80103024071,08-Jan-21,08-Jan-21
80103024072,Durga Nagar,80103024072,08-Jan-21,08-Jan-21
80103025073,Shanti Gardens,80103025073,08-Jan-21,08-Jan-21
80103025074,Block Signature,80103025074,08-Jan-21,08-Jan-21
80103025075,SuryaChandra colony,80103025075,08-Jan-21,08-Jan-21
80103025076,Concrete Plaza,80103025076,08-Jan-21,08-Jan-21
80103026077,Raghvendra Nagar,80103026077,08-Jan-21,08-Jan-21
80103026078,Annapurna Colony,80103026078,08-Jan-21,08-Jan-21
80103026079,Indra nagar,80103026079,08-Jan-21,08-Jan-21
80103026080,Ravindra Nagar,80103026080,08-Jan-21,08-Jan-21
80103026081,Sai Nagar,80103026081,08-Jan-21,08-Jan-21
80103027082,Karthikeya Nagar,80103027082,08-Jan-21,08-Jan-21
80103027083,Rajiv Nagar,80103027083,08-Jan-21,08-Jan-21
80103027084,Erra Kunta,80103027084,08-Jan-21,08-Jan-21
80103027085,Veera Reddy Nagar,80103027085,08-Jan-21,08-Jan-21
80103028086,Snehapuri Nagar Colony,80103028086,08-Jan-21,08-Jan-21
80103028087,Nagarjun Nagar,80103028087,08-Jan-21,08-Jan-21
80103028088, Bhavani Nagar,80103028088,08-Jan-21,08-Jan-21
80103028089,P &T colony,80103028089,08-Jan-21,08-Jan-21
80103028090,VST colony,80103028090,08-Jan-21,08-Jan-21
80103029091,HMT Nagar,80103029091,08-Jan-21,08-Jan-21
80103029092,IICT colony,80103029092,08-Jan-21,08-Jan-21
80103029093,Bapuji Nagar,80103029093,08-Jan-21,08-Jan-21
80103029094,Sarswathi Nagar colony,80103029094,08-Jan-21,08-Jan-21
80103029095,Nagendra Nagar,80103029095,08-Jan-21,08-Jan-21
80104030096,Mallapur,80104030096,08-Jan-21,08-Jan-21
80104030097,Old Mallapur,80104030097,08-Jan-21,08-Jan-21
80104030098,May Flower Heights,80104030098,08-Jan-21,08-Jan-21
80104031099,Bhavani Nagar ,80104031099,08-Jan-21,08-Jan-21
80104031100,Janapriya Apartments,80104031100,08-Jan-21,08-Jan-21
80104031101,SV Nagar,80104031101,08-Jan-21,08-Jan-21
80104031102,New Bhavani nagar,80104031102,08-Jan-21,08-Jan-21
80104032103,K L Reddy Nagar,80104032103,08-Jan-21,08-Jan-21
80104032104,HCL Colony,80104032104,08-Jan-21,08-Jan-21
80104032105,Green Hills colony,80104032105,08-Jan-21,08-Jan-21
80104033106,Surya Nagar Colony,80104033106,08-Jan-21,08-Jan-21
80104033107,Bank Colony,80104033107,08-Jan-21,08-Jan-21
80104033108,Venkataramana colony,80104033108,08-Jan-21,08-Jan-21
80104034109,Gokul Nagar,80104034109,08-Jan-21,08-Jan-21
80104034110,Shakti sai Nagar,80104034110,08-Jan-21,08-Jan-21
80104034111,chanikyapuri colony,80104034111,08-Jan-21,08-Jan-21
80104035112,Narasihma Nagar,80104035112,08-Jan-21,08-Jan-21
80104035113,Annapurna Colony,80104035113,08-Jan-21,08-Jan-21
80104035114,NTR Nagar,80104035114,08-Jan-21,08-Jan-21
80105036115,Boduppal,80105036115,08-Jan-21,08-Jan-21
80105036116,Penta Reddy Colony,80105036116,08-Jan-21,08-Jan-21
80105036117,Saraswathi Colony,80105036117,08-Jan-21,08-Jan-21
80105036118,Ram Reddy Nagar,80105036118,08-Jan-21,08-Jan-21
80105036119,Vijaypuri Colony,80105036119,08-Jan-21,08-Jan-21
80105037120,Maruthi Nagar,80105037120,08-Jan-21,08-Jan-21
80105037121,Vivekananda Nagar,80105037121,08-Jan-21,08-Jan-21
80105037122,NIN Colony,80105037122,08-Jan-21,08-Jan-21
80105037123,Lecturers Colony,80105037123,08-Jan-21,08-Jan-21
80105037124,Sri Laxmi Nagar,80105037124,08-Jan-21,08-Jan-21
80105038125,Ashok Nagar,80105038125,08-Jan-21,08-Jan-21
80105038126,Prashanthi Nagar,80105038126,08-Jan-21,08-Jan-21
80105038127,Uday Nagar,80105038127,08-Jan-21,08-Jan-21
80105038128,Vinayk Nagar,80105038128,08-Jan-21,08-Jan-21
80105039129,Laxmi Nagar,80105039129,08-Jan-21,08-Jan-21
80105039130,Keshav Nagar Phase -1,80105039130,08-Jan-21,08-Jan-21
80105039131,Hanuman Nagar ,80105039131,08-Jan-21,08-Jan-21
80105039132,Venkateshwar Colony,80105039132,08-Jan-21,08-Jan-21
80105039133,Sai Maruthi Nagar,80105039133,08-Jan-21,08-Jan-21
80105039134,Anjaneya Nagar,80105039134,08-Jan-21,08-Jan-21
80105039135,Brundavan Colony,80105039135,08-Jan-21,08-Jan-21
80105040136,Srinivas Nagar,80105040136,08-Jan-21,08-Jan-21
80105040137,Raghavendra Nagar,80105040137,08-Jan-21,08-Jan-21
80105040138,Sai Ram Nagar Colony,80105040138,08-Jan-21,08-Jan-21
80105040139,Sai Bhavani Colony,80105040139,08-Jan-21,08-Jan-21
80105041140,Veerareddy Nagar,80105041140,08-Jan-21,08-Jan-21
80105041141,Sapthagiri Hills,80105041141,08-Jan-21,08-Jan-21
80105041142,Jyothi Nagar,80105041142,08-Jan-21,08-Jan-21
80105041143,Indra Nagar,80105041143,08-Jan-21,08-Jan-21
80105041144,Kalakarula Colony,80105041144,08-Jan-21,08-Jan-21
80105042145,Ambedkar Nagar,80105042145,08-Jan-21,08-Jan-21
80105042146,Devender Nagar,80105042146,08-Jan-21,08-Jan-21
80105042147,Devender Nagar Phase 2,80105042147,08-Jan-21,08-Jan-21
80105042148,Rajeev Nagar Phase -2,80105042148,08-Jan-21,08-Jan-21
80105042149,Sri Ram Nagar,80105042149,08-Jan-21,08-Jan-21
80105043150,Annapurna Colony,80105043150,08-Jan-21,08-Jan-21
80105043151,Padmavathi Colony,80105043151,08-Jan-21,08-Jan-21
80105043152,RNS Colony,80105043152,08-Jan-21,08-Jan-21
80105043153,CCMB Colony,80105043153,08-Jan-21,08-Jan-21
80105043154,Rajalingam Colony,80105043154,08-Jan-21,08-Jan-21
80105044155,Venkatreddy Nagar,80105044155,08-Jan-21,08-Jan-21
80105044156,BL Nagar,80105044156,08-Jan-21,08-Jan-21
80105044157,SBR Colony,80105044157,08-Jan-21,08-Jan-21
80105044158,Telephone Colony,80105044158,08-Jan-21,08-Jan-21
80105044159,Privilege Colony,80105044159,08-Jan-21,08-Jan-21
80105045160,Bolligudem,80105045160,08-Jan-21,08-Jan-21
80105045161,Rajalingam Colony - Phase 2,80105045161,08-Jan-21,08-Jan-21
80105045162,Jayshree Nagar Colony,80105045162,08-Jan-21,08-Jan-21
80105045163,Kranthi Colony,80105045163,08-Jan-21,08-Jan-21
80105045164,Dwaraka Nagar,80105045164,08-Jan-21,08-Jan-21
80105046165,Chengicharla,80105046165,08-Jan-21,08-Jan-21
80105046166,Gandhi Nagar,80105046166,08-Jan-21,08-Jan-21
80105046167,MLR Colony,80105046167,08-Jan-21,08-Jan-21
80105046168,Sai Nagar Colony,80105046168,08-Jan-21,08-Jan-21
80105046169,RTC Colony,80105046169,08-Jan-21,08-Jan-21
80105046170,Bhagath Sing Colony,80105046170,08-Jan-21,08-Jan-21
80106047171,Medipally,80106047171,08-Jan-21,08-Jan-21
80106047172,Vinayaka Nagar,80106047172,08-Jan-21,08-Jan-21
80106047173,Maruthi Nagar,80106047173,08-Jan-21,08-Jan-21
80106047174,KranthiColony,80106047174,08-Jan-21,08-Jan-21
80106047175,Sai Nagar,80106047175,08-Jan-21,08-Jan-21
80106048176,Viharika Colony,80106048176,08-Jan-21,08-Jan-21
80106048177,Mallikarjun Nagar,80106048177,08-Jan-21,08-Jan-21
80106048178,Raghavendra Nagar,80106048178,08-Jan-21,08-Jan-21
80106048179,Bhagya Lakshmi Nagar,80106048179,08-Jan-21,08-Jan-21
80106048180,Swaraj Nagar,80106048180,08-Jan-21,08-Jan-21
80106048181,Sai Ram Nagar,80106048181,08-Jan-21,08-Jan-21
80106049182,Buddha Nagar Road no 1-2,80106049182,08-Jan-21,08-Jan-21
80106049183,Buddha Nagar Road no 2-3,80106049183,08-Jan-21,08-Jan-21
80106049184,Buddha Nagar Road no 3-4,80106049184,08-Jan-21,08-Jan-21
80106049185,Buddha Nagar Road no 4-5,80106049185,08-Jan-21,08-Jan-21
80106049186,"Buddha Nagar Road no 5, 6",80106049186,08-Jan-21,08-Jan-21
80106050187,P & T Phase 1,80106050187,08-Jan-21,08-Jan-21
80106050188,P &T phase 2,80106050188,08-Jan-21,08-Jan-21
80106050189,Kamala Nagar,80106050189,08-Jan-21,08-Jan-21
80106050190,Suma Residency,80106050190,08-Jan-21,08-Jan-21
80106050191,Sai Nagar,80106050191,08-Jan-21,08-Jan-21
80106051192,Canara Nagar,80106051192,08-Jan-21,08-Jan-21
80106051193,New sai Nagar colony,80106051193,08-Jan-21,08-Jan-21
80106051194,Annapurna Colony,80106051194,08-Jan-21,08-Jan-21
80106051195,Srinivas Nagar,80106051195,08-Jan-21,08-Jan-21
80106051196,Sri Ram Nagar,80106051196,08-Jan-21,08-Jan-21
80106051197,Bandi Sathaiah Colony,80106051197,08-Jan-21,08-Jan-21
80106052198,Shankar Nagar,80106052198,08-Jan-21,08-Jan-21
80106052199,Chenna Reddy Colony,80106052199,08-Jan-21,08-Jan-21
80106052200,Indra Nagar,80106052200,08-Jan-21,08-Jan-21
80106052201,Bank Colony,80106052201,08-Jan-21,08-Jan-21
80106052202,Sri Sai Nagar,80106052202,08-Jan-21,08-Jan-21
80106053203,Kurma Nagar,80106053203,08-Jan-21,08-Jan-21
80106053204,Gayathri Nagar,80106053204,08-Jan-21,08-Jan-21
80106053205,Brindavan Colony,80106053205,08-Jan-21,08-Jan-21
80106053206,Krishna Nagar,80106053206,08-Jan-21,08-Jan-21
80106053207,Uppal Hills,80106053207,08-Jan-21,08-Jan-21
80106054208,Sai Aishwarya Colony,80106054208,08-Jan-21,08-Jan-21
80106054209,Shabari Gardens,80106054209,08-Jan-21,08-Jan-21
80106054210,Narasimha Reddy Colony,80106054210,08-Jan-21,08-Jan-21
80106054211,Vishnupuri Colony,80106054211,08-Jan-21,08-Jan-21
80106054212,Aadarsh Nagar,80106054212,08-Jan-21,08-Jan-21
80106055213,Sai Priya Colony,80106055213,08-Jan-21,08-Jan-21
80106055214,Gandhi Hills,80106055214,08-Jan-21,08-Jan-21
80106055215,Lakshmi Nagar,80106055215,08-Jan-21,08-Jan-21
80106055216,Government Quoters,80106055216,08-Jan-21,08-Jan-21
80106055217,Balaji Colony,80106055217,08-Jan-21,08-Jan-21
80106056218,Panchavati Colony,80106056218,08-Jan-21,08-Jan-21
80106056219,Srinivas Nagar colony,80106056219,08-Jan-21,08-Jan-21
80106056220,Satyanarayan Puram,80106056220,08-Jan-21,08-Jan-21
80106056221,Kakatiya Nagar,80106056221,08-Jan-21,08-Jan-21
80106056222,Sri sai Nagar East,80106056222,08-Jan-21,08-Jan-21
80107057223,Ou colony,80107057223,08-Jan-21,08-Jan-21
80107057224,"Balaji nagar,Pratyusha colony",80107057224,08-Jan-21,08-Jan-21
80107057225,Vishwesharayya colony,80107057225,08-Jan-21,08-Jan-21
80107057226,Singaram X road,80107057226,08-Jan-21,08-Jan-21
80107058227,Choudary Guda,80107058227,08-Jan-21,08-Jan-21
80107058228,Wekaer sections colony,80107058228,08-Jan-21,08-Jan-21
80107058229,Swarna Giri Colony,80107058229,08-Jan-21,08-Jan-21
80107058230,Joidimetla,80107058230,08-Jan-21,08-Jan-21
80107059231,Venkatapuram,80107059231,08-Jan-21,08-Jan-21
80107059232,Tenugu gudemu,80107059232,08-Jan-21,08-Jan-21
80107059233,Double Bed Rooms House Colony,80107059233,08-Jan-21,08-Jan-21
80107060234,Korremula,80107060234,08-Jan-21,08-Jan-21
80107060235,Maktha village,80107060235,08-Jan-21,08-Jan-21
80107060236,Bacharam,80107060236,08-Jan-21,08-Jan-21
80107060237,Singaram x road area,80107060237,08-Jan-21,08-Jan-21
80107060238,Gandhi statue back,80107060238,08-Jan-21,08-Jan-21
80107061239,Block 1,80107061239,08-Jan-21,08-Jan-21
80107061240,Block 2,80107061240,08-Jan-21,08-Jan-21
80107061241,Block 3,80107061241,08-Jan-21,08-Jan-21
80107061242,PHC COLONY,80107061242,08-Jan-21,08-Jan-21
80107061243,PAKIR TANDA,80107061243,08-Jan-21,08-Jan-21
80107061244,INDIRA NAGAR,80107061244,08-Jan-21,08-Jan-21
80107062245,Annojiguda Village,80107062245,08-Jan-21,08-Jan-21
80107062246,"Lakshmi narasihma colony,",80107062246,08-Jan-21,08-Jan-21
80107062247,Sainagar colony,80107062247,08-Jan-21,08-Jan-21
80107062248,Vaibhav Nagar,80107062248,08-Jan-21,08-Jan-21
80107062249,LIG colony,80107062249,08-Jan-21,08-Jan-21
80107063250,Samskruthi Township.,80107063250,08-Jan-21,08-Jan-21
80107063251,A Block,80107063251,08-Jan-21,08-Jan-21
80107063252,B Block,80107063252,08-Jan-21,08-Jan-21
80107063253,C Block,80107063253,08-Jan-21,08-Jan-21
80107063254,D Block,80107063254,08-Jan-21,08-Jan-21
80107064255,pocharam old village,80107064255,08-Jan-21,08-Jan-21
80107064256,Sadbhavana Township,80107064256,08-Jan-21,08-Jan-21
80107064257,Anna nagar,80107064257,08-Jan-21,08-Jan-21
80107065258,Narapally ,80107065258,08-Jan-21,08-Jan-21
80107065259,Ambedkar colony,80107065259,08-Jan-21,08-Jan-21
80107065260,Vaibhav Nagar,80107065260,08-Jan-21,08-Jan-21
80107065261,Jodimetla,80107065261,08-Jan-21,08-Jan-21
80107065262,Baba Nagar,80107065262,08-Jan-21,08-Jan-21
80107066263,Prathapa singaram Old village,80107066263,08-Jan-21,08-Jan-21
80107066264,sadathaliguda,80107066264,08-Jan-21,08-Jan-21
80107066265,Ambedkar Nagar-1,80107066265,08-Jan-21,08-Jan-21
80107066266,Double Bed Rooms House Colony,80107066266,08-Jan-21,08-Jan-21
80107066267,Bharath club area,80107066267,08-Jan-21,08-Jan-21
80107067268,Kachaveni singaram old village,80107067268,08-Jan-21,08-Jan-21
80107067269,Maheshwari colony,80107067269,08-Jan-21,08-Jan-21
80107067270,Muttelli guda,80107067270,08-Jan-21,08-Jan-21
80107067271,Divya nagar,80107067271,08-Jan-21,08-Jan-21
80107067272,Balaji Nagar,80107067272,08-Jan-21,08-Jan-21
80108068273,Kondapur,80108068273,08-Jan-21,08-Jan-21
80108068274,EWS Colony,80108068274,08-Jan-21,08-Jan-21
80108068275,Prime Land colony,80108068275,08-Jan-21,08-Jan-21
80108068276,Gandhi Nagar,80108068276,08-Jan-21,08-Jan-21
80108068277,Balaji Nagar,80108068277,08-Jan-21,08-Jan-21
80108069278,ShivareddyGuda,80108069278,08-Jan-21,08-Jan-21
80108069279,Sai Nagar,80108069279,08-Jan-21,08-Jan-21
80108069280,Bugga Bhai Bhasthi,80108069280,08-Jan-21,08-Jan-21
80108069281,Maisamma Gutta,80108069281,08-Jan-21,08-Jan-21
80108069282,Yamnam pet,80108069282,08-Jan-21,08-Jan-21
80108070283,GHATKESAR Villege,80108070283,08-Jan-21,08-Jan-21
80108070284,BrookeBand Colony,80108070284,08-Jan-21,08-Jan-21
80108070285,Kummari Basti,80108070285,08-Jan-21,08-Jan-21
80108070286,Teachers Colony,80108070286,08-Jan-21,08-Jan-21
80108070287,Ambedkar Nagar,80108070287,08-Jan-21,08-Jan-21
80108071288,N.F.C Nagar - B1,80108071288,08-Jan-21,08-Jan-21
80108071289,N.F.C Nagar - B2,80108071289,08-Jan-21,08-Jan-21
80108071290,N.F.C Nagar - C2,80108071290,08-Jan-21,08-Jan-21
80108071291,Bokkani guda,80108071291,08-Jan-21,08-Jan-21
80108072292,MarpalliGuda - 1,80108072292,08-Jan-21,08-Jan-21
80108072293,MarpalliGuda - 2,80108072293,08-Jan-21,08-Jan-21
80108072294,Chandupatla guda,80108072294,08-Jan-21,08-Jan-21
80108073295,Harijana Basti,80108073295,08-Jan-21,08-Jan-21
80108073296,Gangaputhra Basti,80108073296,08-Jan-21,08-Jan-21
80108073297,Vanjara Basti,80108073297,08-Jan-21,08-Jan-21
80108073298,Diddi Kada Basti,80108073298,08-Jan-21,08-Jan-21
80108073299,Rain Gudem,80108073299,08-Jan-21,08-Jan-21
80108074300,avushapur,80108074300,08-Jan-21,08-Jan-21
80108074301,Harijana Basti,80108074301,08-Jan-21,08-Jan-21
80108074302,Jameela Pet,80108074302,08-Jan-21,08-Jan-21
80108075303,Ankushapur Gramam,80108075303,08-Jan-21,08-Jan-21
80108075304,SC Colony,80108075304,08-Jan-21,08-Jan-21
80108075305,BC Colony,80108075305,08-Jan-21,08-Jan-21
80108076306,Madaram,80108076306,08-Jan-21,08-Jan-21
80108077307,Anantharam,80108077307,08-Jan-21,08-Jan-21
80201001001,Mirjalguda,80201001001,08-Jan-21,08-Jan-21
80201001002,Veenapani Nagar,80201001002,08-Jan-21,08-Jan-21
80201001003,Madhusudhan Nagar,80201001003,08-Jan-21,08-Jan-21
80201001004,Yadav Nagar,80201001004,08-Jan-21,08-Jan-21
80201002005,Vasanthapuri Colony,80201002005,08-Jan-21,08-Jan-21
80201002006,Prem Viajay Nagar Colony,80201002006,08-Jan-21,08-Jan-21
80201002007,Venkateshwara Nagar,80201002007,08-Jan-21,08-Jan-21
80201003008,Maruthi Nagar,80201003008,08-Jan-21,08-Jan-21
80201003009,Geetha Nagar,80201003009,08-Jan-21,08-Jan-21
80201003010,Narasimha Reddy Nagar,80201003010,08-Jan-21,08-Jan-21
80201003011,Vani Nagar,80201003011,08-Jan-21,08-Jan-21
80201003012,Bhavani Nagar,80201003012,08-Jan-21,08-Jan-21
80201003013,Santosh Nagar,80201003013,08-Jan-21,08-Jan-21
80201004014,Old Malkajgiri,80201004014,08-Jan-21,08-Jan-21
80201004015,Bala Saraswathi Nagar,80201004015,08-Jan-21,08-Jan-21
80201004016,Sardar Patel Nagar,80201004016,08-Jan-21,08-Jan-21
80201005017,Dayanand Nagar,80201005017,08-Jan-21,08-Jan-21
80201005018,Uttam Nagar,80201005018,08-Jan-21,08-Jan-21
80201005019,Gautham Nagar,80201005019,08-Jan-21,08-Jan-21
80201005020,Ekalavya Nagar,80201005020,08-Jan-21,08-Jan-21
80201005021,Mallikarjuna Nagar,80201005021,08-Jan-21,08-Jan-21
80201006022,Gopal Nagar,80201006022,08-Jan-21,08-Jan-21
80201006023,Hanuman Pet,80201006023,08-Jan-21,08-Jan-21
80201006024,Jyothi Nagar,80201006024,08-Jan-21,08-Jan-21
80201007025,Indira Nehru Nagar,80201007025,08-Jan-21,08-Jan-21
80201008026,Radha Krishna Nagar,80201008026,08-Jan-21,08-Jan-21
80201008027,Chanakya Nagar,80201008027,08-Jan-21,08-Jan-21
80201009028,Anand Bhagh,80201009028,08-Jan-21,08-Jan-21
80201009029,VishnuPuri Colony,80201009029,08-Jan-21,08-Jan-21
80201009030,ShivaPuri Colony,80201009030,08-Jan-21,08-Jan-21
80201009031,Vimala Devi Nagar,80201009031,08-Jan-21,08-Jan-21
80201010032,Balaram Nagar,80201010032,08-Jan-21,08-Jan-21
80201010033,Krishna Nagar,80201010033,08-Jan-21,08-Jan-21
80201010034,Seetharam Nagar,80201010034,08-Jan-21,08-Jan-21
80201010035,Devi Nagar,80201010035,08-Jan-21,08-Jan-21
80201010036,Sharadha Nagar,80201010036,08-Jan-21,08-Jan-21
80201011037,Kalyan Nagar,80201011037,08-Jan-21,08-Jan-21
80201011038,Thalla Basthi,80201011038,08-Jan-21,08-Jan-21
80201011039,CIEFL Colony,80201011039,08-Jan-21,08-Jan-21
80201011040,NMDC Colony,80201011040,08-Jan-21,08-Jan-21
80201011041,BANK Colony,80201011041,08-Jan-21,08-Jan-21
80201011042,Krishna Nagar,80201011042,08-Jan-21,08-Jan-21
80201011043,DAD Colony,80201011043,08-Jan-21,08-Jan-21
80201012044,Anantha Saraswathi Nagar,80201012044,08-Jan-21,08-Jan-21
80201012045,Adarsh Nagar,80201012045,08-Jan-21,08-Jan-21
80201012046,Lal Vani Nagar,80201012046,08-Jan-21,08-Jan-21
80201012047,NMDC Colony,80201012047,08-Jan-21,08-Jan-21
80201013048,Hanuman Nagar,80201013048,08-Jan-21,08-Jan-21
80201013049,Thirumal Nagar,80201013049,08-Jan-21,08-Jan-21
80201013050,Sapthagiri Colony,80201013050,08-Jan-21,08-Jan-21
80201013051,RTC Colony,80201013051,08-Jan-21,08-Jan-21
80201014052,Upparguda,80201014052,08-Jan-21,08-Jan-21
80201014053,Pittala Basthi,80201014053,08-Jan-21,08-Jan-21
80201014054,Lepracy Colony,80201014054,08-Jan-21,08-Jan-21
80201014055,Shirdi Nagar,80201014055,08-Jan-21,08-Jan-21
80202015056,OLD LALAPET,80202015056,08-Jan-21,08-Jan-21
80202015057,LAXMINAGAR,80202015057,08-Jan-21,08-Jan-21
80202015058,YADAVNAGAR,80202015058,08-Jan-21,08-Jan-21
80202016059,NEW VINOBANAGAR,80202016059,08-Jan-21,08-Jan-21
80202016060,OLDVINOBANAGAR,80202016060,08-Jan-21,08-Jan-21
80202017061,INDIRANAGAR,80202017061,08-Jan-21,08-Jan-21
80202017062,SIRIPURICOLONY,80202017062,08-Jan-21,08-Jan-21
80202017063,SUBRAMANYASCOOL,80202017063,08-Jan-21,08-Jan-21
80202018064,PRASHANTH NAGAR,80202018064,08-Jan-21,08-Jan-21
80202018065,INDIRANAGAR,80202018065,08-Jan-21,08-Jan-21
80202019066,BJR NAGAR,80202019066,08-Jan-21,08-Jan-21
80202019067,PREMVIJAYANAGAR COLONY,80202019067,08-Jan-21,08-Jan-21
80202020068,VASANTHAPURICOLONY,80202020068,08-Jan-21,08-Jan-21
80202020069,SATTIREDDY NAGAR,80202020069,08-Jan-21,08-Jan-21
80202020070,CBN COLONY,80202020070,08-Jan-21,08-Jan-21
80202021071,ARYANAGAR,80202021071,08-Jan-21,08-Jan-21
80202021072,SHANTHINAGAR,80202021072,08-Jan-21,08-Jan-21
80202021073,BRAMHANA BASTI,80202021073,08-Jan-21,08-Jan-21
80202022074,RAILWAY CWATERS LEFT,80202022074,08-Jan-21,08-Jan-21
80202022075,RAMALAYAM,80202022075,08-Jan-21,08-Jan-21
80202023076,LALAGUDA,80202023076,08-Jan-21,08-Jan-21
80202023077,INDIRANAGAR,80202023077,08-Jan-21,08-Jan-21
80202024078,VIJYA PURI COLONY,80202024078,08-Jan-21,08-Jan-21
80202025079,CHINTAL,80202025079,08-Jan-21,08-Jan-21
80202026080,KIMTHI COLONY,80202026080,08-Jan-21,08-Jan-21
80203027081,NEREDMET,80203027081,08-Jan-21,08-Jan-21
80203027082,NEW VIDYA NAGAR,80203027082,08-Jan-21,08-Jan-21
80203027083,DINAKAR NAGAR,80203027083,08-Jan-21,08-Jan-21
80203027084,SITHARAM NAGAR,80203027084,08-Jan-21,08-Jan-21
80203028085,NEW VIDYANAGAR,80203028085,08-Jan-21,08-Jan-21
80203028086,DEVINAGAR,80203028086,08-Jan-21,08-Jan-21
80203028087,SAINIK NAGAR,80203028087,08-Jan-21,08-Jan-21
80203029088,NERADMET X ROAD,80203029088,08-Jan-21,08-Jan-21
80203029089,SRI COLONY,80203029089,08-Jan-21,08-Jan-21
80203029090,BHARANI COLONY,80203029090,08-Jan-21,08-Jan-21
80203029091,VIVEKANANDAPURAM,80203029091,08-Jan-21,08-Jan-21
80203029092,JK COLONY,80203029092,08-Jan-21,08-Jan-21
80203030093,DEFENCE COLONY,80203030093,08-Jan-21,08-Jan-21
80203030094,HASTINAPURAM,80203030094,08-Jan-21,08-Jan-21
80203030095,JJ NAGAR,80203030095,08-Jan-21,08-Jan-21
80203031096,VAYUPURI,80203031096,08-Jan-21,08-Jan-21
80203031097,SAINIK PURI,80203031097,08-Jan-21,08-Jan-21
80203031098,NIRMAL NAGAR,80203031098,08-Jan-21,08-Jan-21
80203031099,AMMUGUDA,80203031099,08-Jan-21,08-Jan-21
80203032100,DEENDAYAL NAGAR-1,80203032100,08-Jan-21,08-Jan-21
80203032101,SANTHOSHIMA NAGAR,80203032101,08-Jan-21,08-Jan-21
80203032102,SHYAMPRASAD MUKARJI NAGAR,80203032102,08-Jan-21,08-Jan-21
80203032103,DEENDAYAL NAGAR-2,80203032103,08-Jan-21,08-Jan-21
80203033104,OLD SAFILGUDA,80203033104,08-Jan-21,08-Jan-21
80203033105,BHARATH NAGAR,80203033105,08-Jan-21,08-Jan-21
80203033106,VADDERABASTI,80203033106,08-Jan-21,08-Jan-21
80203033107,SUDHANAGAR,80203033107,08-Jan-21,08-Jan-21
80203034108,CHANDRAGIRI COLNY EAST,80203034108,08-Jan-21,08-Jan-21
80203034109,VINAYAK NAGAR -1,80203034109,08-Jan-21,08-Jan-21
80203034110,CHANDRAGIRI COLNY,80203034110,08-Jan-21,08-Jan-21
80203035111,VINAYAK NAGAR -2,80203035111,08-Jan-21,08-Jan-21
80203035112,ANANTH NAGAR,80203035112,08-Jan-21,08-Jan-21
80203035113,KRISHNA NAGAR,80203035113,08-Jan-21,08-Jan-21
80203035114,LALBAHADUR NAGAR,80203035114,08-Jan-21,08-Jan-21
80203035115,KRUPAACOMPLEX,80203035115,08-Jan-21,08-Jan-21
80203036116,SAINATHPURAM,80203036116,08-Jan-21,08-Jan-21
80203036117,RK SOCITY,80203036117,08-Jan-21,08-Jan-21
80203036118,GEETHA NAGAR,80203036118,08-Jan-21,08-Jan-21
80203036119,VENKATESWARA COLONY,80203036119,08-Jan-21,08-Jan-21
80203036120,SAMATHA NAGAR,80203036120,08-Jan-21,08-Jan-21
80203036121,JHOSHI NAGAR,80203036121,08-Jan-21,08-Jan-21
80203036122,JK NAGAR,80203036122,08-Jan-21,08-Jan-21
80203036123,PARWATHI NAGAR,80203036123,08-Jan-21,08-Jan-21
80203037124,KAKATIYA NAGAR,80203037124,08-Jan-21,08-Jan-21
80203037125,VAJPAY NAGAR,80203037125,08-Jan-21,08-Jan-21
80203037126,MADURANAGAR,80203037126,08-Jan-21,08-Jan-21
80203037127,VINOBA NAGAR,80203037127,08-Jan-21,08-Jan-21
80203037128,SAI NAGAR,80203037128,08-Jan-21,08-Jan-21
80203037129,ROHINI NAGAR,80203037129,08-Jan-21,08-Jan-21
80203037130,SHIVANAGAR,80203037130,08-Jan-21,08-Jan-21
80204038131,BAJARANG NAGAR,80204038131,08-Jan-21,08-Jan-21
80204038132,LAXMINARAYANA COLONY,80204038132,08-Jan-21,08-Jan-21
80204038133,JYOTI COLONY,80204038133,08-Jan-21,08-Jan-21
80204038134,CPI COLONY,80204038134,08-Jan-21,08-Jan-21
80204039135,SHIVAJI NAGAR,80204039135,08-Jan-21,08-Jan-21
80204039136,SUKKAMMA KUNTA,80204039136,08-Jan-21,08-Jan-21
80204039137,SANTHOSH NAGAR,80204039137,08-Jan-21,08-Jan-21
80204040138,CHANDRAPURI,80204040138,08-Jan-21,08-Jan-21
80204040139,BHRUNDAVANCOLONY,80204040139,08-Jan-21,08-Jan-21
80204040140,EX.SIVICEMEN COLONY,80204040140,08-Jan-21,08-Jan-21
80204040141,SHANTHI NAGAR,80204040141,08-Jan-21,08-Jan-21
80204040142,VIKALANGULA COLONY,80204040142,08-Jan-21,08-Jan-21
80204041143,VENKATESWARA COLONY,80204041143,08-Jan-21,08-Jan-21
80204041144,LEPRACY COLONY,80204041144,08-Jan-21,08-Jan-21
80204041145,MOHANRAO COLONY,80204041145,08-Jan-21,08-Jan-21
80204041146,GEETANJALI SCHOOL,80204041146,08-Jan-21,08-Jan-21
80204042147,VAYUPURI,80204042147,08-Jan-21,08-Jan-21
80204042148,SAINIKPURI,80204042148,08-Jan-21,08-Jan-21
80204042149,KANDIGUDA,80204042149,08-Jan-21,08-Jan-21
80204042150,NETAJI NAGAR,80204042150,08-Jan-21,08-Jan-21
80204043151,YAPRAL,80204043151,08-Jan-21,08-Jan-21
80204043152,AMMUGUDA,80204043152,08-Jan-21,08-Jan-21
80204043153,BAPUJINAGAR,80204043153,08-Jan-21,08-Jan-21
80204043154,EMPLOYS COLONY,80204043154,08-Jan-21,08-Jan-21
80204044155,BHARATH NAGAR,80204044155,08-Jan-21,08-Jan-21
80204044156,RGV COLONY,80204044156,08-Jan-21,08-Jan-21
80204045157,KOWKUR,80204045157,08-Jan-21,08-Jan-21
80204046158,BJR NAGAR,80204046158,08-Jan-21,08-Jan-21
80204046159,MALLIKARJUNA NAGAR,80204046159,08-Jan-21,08-Jan-21
80204046160,SATYANARAYANA PURAM COLONY,80204046160,08-Jan-21,08-Jan-21
80204047161,AMBEDKAR NAGAR,80204047161,08-Jan-21,08-Jan-21
80204047162,NETAJI NAGAR,80204047162,08-Jan-21,08-Jan-21
80204047163,PRAGATHI NAGAR,80204047163,08-Jan-21,08-Jan-21
80204047164,KNR COLONY,80204047164,08-Jan-21,08-Jan-21
80204048165,CHENNAPURAM,80204048165,08-Jan-21,08-Jan-21
80204048166,DEVENDRA NAGAR,80204048166,08-Jan-21,08-Jan-21
80204048167,NANDAMOORI NAGAR,80204048167,08-Jan-21,08-Jan-21
80204048168,PRO.JAYASHANKAR NAGAR,80204048168,08-Jan-21,08-Jan-21
80204049169,GABBILALAPET,80204049169,08-Jan-21,08-Jan-21
80204049170,KCR COLONY,80204049170,08-Jan-21,08-Jan-21
80204049171,NANDAMOORI NAGAR,80204049171,08-Jan-21,08-Jan-21
80204049172,SHANTHI NAGAR,80204049172,08-Jan-21,08-Jan-21
80204049173,KARMIKANAGAR,80204049173,08-Jan-21,08-Jan-21
80204049174,BHAGYA NAGAR,80204049174,08-Jan-21,08-Jan-21
80204049175,RAJIVGHANDI NAGAR,80204049175,08-Jan-21,08-Jan-21
80204050176,CRPF,80204050176,08-Jan-21,08-Jan-21
80204050177,MALLELA GUDA,80204050177,08-Jan-21,08-Jan-21
80204050178,FARA NAGAR,80204050178,08-Jan-21,08-Jan-21
80204050179,ARUNDATHI NAGAR,80204050179,08-Jan-21,08-Jan-21
80205051180,Chakripuram,80205051180,08-Jan-21,08-Jan-21
80205051181,Sonia Gandhi Nagar,80205051181,08-Jan-21,08-Jan-21
80205051182,Teachers Colony,80205051182,08-Jan-21,08-Jan-21
80205052183,Vasavisiva Nagar,80205052183,08-Jan-21,08-Jan-21
80205052184,Nagarjuna Nagar Colony,80205052184,08-Jan-21,08-Jan-21
80205053185,Reddy Colony,80205053185,08-Jan-21,08-Jan-21
80205053186,Bhagavan Colony,80205053186,08-Jan-21,08-Jan-21
80205053187,Sai Nagar,80205053187,08-Jan-21,08-Jan-21
80205054188,VN Reddy nagar,80205054188,08-Jan-21,08-Jan-21
80205054189,Kushaiguda ,80205054189,08-Jan-21,08-Jan-21
80205054190,Hanuman Basti,80205054190,08-Jan-21,08-Jan-21
80205055191,Virat nagar,80205055191,08-Jan-21,08-Jan-21
80205055192,Sailok colony,80205055192,08-Jan-21,08-Jan-21
80205055193,Jammigadda,80205055193,08-Jan-21,08-Jan-21
80205055194,Jaijawan Colony,80205055194,08-Jan-21,08-Jan-21
80205056195,Saaket,80205056195,08-Jan-21,08-Jan-21
80205056196,Vampuguda,80205056196,08-Jan-21,08-Jan-21
80205056197,Yellareddy Guda,80205056197,08-Jan-21,08-Jan-21
80205057198,Naik Nagar,80205057198,08-Jan-21,08-Jan-21
80205057199,Sriram Nagar  Colony,80205057199,08-Jan-21,08-Jan-21
80205057200,Parimala Nagar,80205057200,08-Jan-21,08-Jan-21
80205057201,Kapra,80205057201,08-Jan-21,08-Jan-21
80205058202,Srinivasa nagar,80205058202,08-Jan-21,08-Jan-21
80205058203,Bhavani Nagar,80205058203,08-Jan-21,08-Jan-21
80205058204,APIIC Colony,80205058204,08-Jan-21,08-Jan-21
80205059205,Nethaji Nagar,80205059205,08-Jan-21,08-Jan-21
80205059206,Rukmini Puram,80205059206,08-Jan-21,08-Jan-21
80205059207,Sadhana Vihar,80205059207,08-Jan-21,08-Jan-21
80205060208,AS Rao Nagar,80205060208,08-Jan-21,08-Jan-21
80205060209,AS Rao Nagar - 2,80205060209,08-Jan-21,08-Jan-21
80205060210,Anupuram,80205060210,08-Jan-21,08-Jan-21
80205061211,Gandhi Nagar,80205061211,08-Jan-21,08-Jan-21
80205061212,Bharath Nagar,80205061212,08-Jan-21,08-Jan-21
80205061213,Hanuman Nagar,80205061213,08-Jan-21,08-Jan-21
80205062214,SP Nagar,80205062214,08-Jan-21,08-Jan-21
80205062215,Gayathri Nagar,80205062215,08-Jan-21,08-Jan-21
80205062216,MJ Colony,80205062216,08-Jan-21,08-Jan-21
80205063217,South Kamala Nagar,80205063217,08-Jan-21,08-Jan-21
80205063218,Mahesh Nagar,80205063218,08-Jan-21,08-Jan-21
80205063219,North Kamala Nagar,80205063219,08-Jan-21,08-Jan-21
80205064220,Lakshmi Nagar,80205064220,08-Jan-21,08-Jan-21
80205064221,Chaithanya Nagar,80205064221,08-Jan-21,08-Jan-21
80205064222,Indira Nagar,80205064222,08-Jan-21,08-Jan-21
80205065223,Kailasa Giri,80205065223,08-Jan-21,08-Jan-21
80205065224,Mangapuram,80205065224,08-Jan-21,08-Jan-21
80205065225,krishna Nagar,80205065225,08-Jan-21,08-Jan-21
80205066226,Venkateswara Nagar,80205066226,08-Jan-21,08-Jan-21
80205066227,Jawahar Nagar,80205066227,08-Jan-21,08-Jan-21
80205066228,APIIC Colony,80205066228,08-Jan-21,08-Jan-21
80205067229,Thirumala Nagar,80205067229,08-Jan-21,08-Jan-21
80205067230,Sri Nagar,80205067230,08-Jan-21,08-Jan-21
80205068231,Nehru Nagar,80205068231,08-Jan-21,08-Jan-21
80205068232,Ashok Nagar,80205068232,08-Jan-21,08-Jan-21
80205069233,EC nagar ,80205069233,08-Jan-21,08-Jan-21
80205069234,BN Reddy Nagar,80205069234,08-Jan-21,08-Jan-21
80205069235,Chinna Cherlapalli,80205069235,08-Jan-21,08-Jan-21
80205070236,Cherlapalli,80205070236,08-Jan-21,08-Jan-21
80205070237,Bharath Nagar,80205070237,08-Jan-21,08-Jan-21
80205070238,Indira Gruha Kalpa,80205070238,08-Jan-21,08-Jan-21
80206071239,NAGARAM,80206071239,08-Jan-21,08-Jan-21
80206071240,BHIMRAO COLONY,80206071240,08-Jan-21,08-Jan-21
80206071241,SHIVASHAKTHI NAGAR,80206071241,08-Jan-21,08-Jan-21
80206071242,VIKAS NAGAR,80206071242,08-Jan-21,08-Jan-21
80206071243,BAPUREDDY NAGAR,80206071243,08-Jan-21,08-Jan-21
80206071244,MODI APARTMENTS,80206071244,08-Jan-21,08-Jan-21
80206071245,SAISANJEEVA NAGAR,80206071245,08-Jan-21,08-Jan-21
80206072246,SATYANARAYANA NAGAR,80206072246,08-Jan-21,08-Jan-21
80206072247,SRINIVASA NAGAR,80206072247,08-Jan-21,08-Jan-21
80206072248,BUDDA NAGAR,80206072248,08-Jan-21,08-Jan-21
80206072249,RAVIDRANAGAR COLONY,80206072249,08-Jan-21,08-Jan-21
80206072250,HANUMAN NAGAR,80206072250,08-Jan-21,08-Jan-21
80206073251,SAIDARA,80206073251,08-Jan-21,08-Jan-21
80206073252,ANNAPOORNA COLONY,80206073252,08-Jan-21,08-Jan-21
80206073253,NETHAJI NAGAR,80206073253,08-Jan-21,08-Jan-21
80206073254,EAST GANDI NAGAR,80206073254,08-Jan-21,08-Jan-21
80206074255,CHAKRIPURAM,80206074255,08-Jan-21,08-Jan-21
80206074256,REDDY COLONY,80206074256,08-Jan-21,08-Jan-21
80206074257,KATING COLONY,80206074257,08-Jan-21,08-Jan-21
80206074258,TEACHERS COLONY,80206074258,08-Jan-21,08-Jan-21
80206074259,VIVEKANANDA COLONY,80206074259,08-Jan-21,08-Jan-21
80206074260,SV NAGAR,80206074260,08-Jan-21,08-Jan-21
80206075261,DATTATREYA COLONY,80206075261,08-Jan-21,08-Jan-21
80206075262,VENKATESWARA COLONY,80206075262,08-Jan-21,08-Jan-21
80206075263,SIMHAPURI COLONY,80206075263,08-Jan-21,08-Jan-21
80206075264,SIDDARTHANAGAR,80206075264,08-Jan-21,08-Jan-21
80206075265,MADURANAGAR,80206075265,08-Jan-21,08-Jan-21
80206075266,RAMALINGESWARA NAGAR,80206075266,08-Jan-21,08-Jan-21
80206076267,BHAVANI NAGAR,80206076267,08-Jan-21,08-Jan-21
80206076268,VENKATESHWARA COLONY,80206076268,08-Jan-21,08-Jan-21
80206076269,BHIMRAO COLONY,80206076269,08-Jan-21,08-Jan-21
80206076270,KATING COLONY,80206076270,08-Jan-21,08-Jan-21
80206077271,SHIVASAI NAGAR,80206077271,08-Jan-21,08-Jan-21
80206077272,SAINAGAR,80206077272,08-Jan-21,08-Jan-21
80206077273,SHIVAJI NAGAR,80206077273,08-Jan-21,08-Jan-21
80206078274,RAJAREDDY NAGAR,80206078274,08-Jan-21,08-Jan-21
80206078275,SAIPRIYA COLONY,80206078275,08-Jan-21,08-Jan-21
80206078276,TIRUMALA ENCLAVE,80206078276,08-Jan-21,08-Jan-21
80206078277,DAMMAI GUDA,80206078277,08-Jan-21,08-Jan-21
80206079278,LAXMINAGAR,80206079278,08-Jan-21,08-Jan-21
80206079279,ANJANADRICOLONY,80206079279,08-Jan-21,08-Jan-21
80206079280,VRR COLONY,80206079280,08-Jan-21,08-Jan-21
80206079281,MLR COLONY,80206079281,08-Jan-21,08-Jan-21
80206079282,JOUrNLIST COLONY,80206079282,08-Jan-21,08-Jan-21
80206079283,PS RAO NAGAR,80206079283,08-Jan-21,08-Jan-21
80206080284,AYYAPPA COLONY,80206080284,08-Jan-21,08-Jan-21
80206080285,VAYUSHAKTHI NAGAR,80206080285,08-Jan-21,08-Jan-21
80206080286,LNR COLONY,80206080286,08-Jan-21,08-Jan-21
80206080287,VENKATESHWARA COLONY,80206080287,08-Jan-21,08-Jan-21
80206080288,BHAVANI NAGAR,80206080288,08-Jan-21,08-Jan-21
80206080289,WEST GANDI NAGAR,80206080289,08-Jan-21,08-Jan-21
80206080290,SHIVANANADA PURI COLONY,80206080290,08-Jan-21,08-Jan-21
80207081291,KEESARA,80207081291,08-Jan-21,08-Jan-21
80207081292,VANNE GUDA (P),80207081292,08-Jan-21,08-Jan-21
80207081293,ANKIREDDY PALLI,80207081293,08-Jan-21,08-Jan-21
80207081294,KEESRA DAYARA (P),80207081294,08-Jan-21,08-Jan-21
80207081295,BOGARAM,80207081295,08-Jan-21,08-Jan-21
80207081296,KEESARA GUTTA (P),80207081296,08-Jan-21,08-Jan-21
80207081297,RAMPALLI DAYARA,80207081297,08-Jan-21,08-Jan-21
80207081298,JINNARAM COLONY (P),80207081298,08-Jan-21,08-Jan-21
80207081299,BHARSHEGUDA (P),80207081299,08-Jan-21,08-Jan-21
80207081300,LALANIGUDA (P),80207081300,08-Jan-21,08-Jan-21
80207082301,RAMPALLI ,80207082301,08-Jan-21,08-Jan-21
80207082302,KARRIMGUDA,80207082302,08-Jan-21,08-Jan-21
80207082303,YAMNAMPET,80207082303,08-Jan-21,08-Jan-21
80207082304,REPALLE,80207082304,08-Jan-21,08-Jan-21
80207082305,RL NAGAR (P),80207082305,08-Jan-21,08-Jan-21
80207082306,INDIRA GRUHAKALPA (P),80207082306,08-Jan-21,08-Jan-21
80207083307,CHEERYAL,80207083307,08-Jan-21,08-Jan-21
80207083308,BANDLAGUDA,80207083308,08-Jan-21,08-Jan-21
80207083309,GODUMAKUNTA,80207083309,08-Jan-21,08-Jan-21
80207083310,YADGIRI PALLI,80207083310,08-Jan-21,08-Jan-21
80207083311,NARSAMPALLI,80207083311,08-Jan-21,08-Jan-21
80207083312,THIMAYAPALLI,80207083312,08-Jan-21,08-Jan-21
80207083313,CHEERYALA JINNNARAM (P),80207083313,08-Jan-21,08-Jan-21
80207083314,SAINAGAR COLONY (P),80207083314,08-Jan-21,08-Jan-21
80207083315,BANDLAGUDA COLONY (P),80207083315,08-Jan-21,08-Jan-21
80207083316,HARIDASPALLI (P),80207083316,08-Jan-21,08-Jan-21
80207083317,RAJIVGRUHAKALPA (P),80207083317,08-Jan-21,08-Jan-21
80207083318,RAMALINGESHWARA COLONY (P),80207083318,08-Jan-21,08-Jan-21
80207083319,KUNDANPALLI (P),80207083319,08-Jan-21,08-Jan-21
80207083320,PRAJAY SAI GARDEN (P),80207083320,08-Jan-21,08-Jan-21
80207083321,DHARMARAM (P),80207083321,08-Jan-21,08-Jan-21
80301001001,MAHATMA GANDHI BASTI,80301001001,08-Jan-21,08-Jan-21
80301001002,HARIJANA BASTI,80301001002,08-Jan-21,08-Jan-21
80301001003,DOKKALAMMA BASTI,80301001003,08-Jan-21,08-Jan-21
80301002004,MARUTHI VEEDHI,80301002004,08-Jan-21,08-Jan-21
80301002005,BANDIMET,80301002005,08-Jan-21,08-Jan-21
80301002006,CHAPAL BAI,80301002006,08-Jan-21,08-Jan-21
80301002007,KUMMARIGUDA,80301002007,08-Jan-21,08-Jan-21
80301002008,RANGUSUNNAM DODDI,80301002008,08-Jan-21,08-Jan-21
80301003009,JEERA,80301003009,08-Jan-21,08-Jan-21
80301003010,SATYANARAYANAPURAM,80301003010,08-Jan-21,08-Jan-21
80301003011,HYDER BASTI,80301003011,08-Jan-21,08-Jan-21
80301004012,MANOHAR TALKIES,80301004012,08-Jan-21,08-Jan-21
80301004013,MADHAV NURSING HOME,80301004013,08-Jan-21,08-Jan-21
80301004014,GURUDWARA,80301004014,08-Jan-21,08-Jan-21
80301005015,PARIKI BASTI,80301005015,08-Jan-21,08-Jan-21
80301005016,GOPALAPURAM,80301005016,08-Jan-21,08-Jan-21
80301005017,KEYS HIGH SCHOOL,80301005017,08-Jan-21,08-Jan-21
80301006018,RANIGANJ,80301006018,08-Jan-21,08-Jan-21
80301006019,KASTURBA NAGAR,80301006019,08-Jan-21,08-Jan-21
80301006020,AMBEDKAR NAGAR,80301006020,08-Jan-21,08-Jan-21
80301006021,SAIBABA TEMPLE,80301006021,08-Jan-21,08-Jan-21
80301006022,KARBALA MAIDAN,80301006022,08-Jan-21,08-Jan-21
80301007023,OLD GHAS MANDI,80301007023,08-Jan-21,08-Jan-21
80301007024,SAJJANLAL VEEDI,80301007024,08-Jan-21,08-Jan-21
80301008025,OLD BHOIGUDA,80301008025,08-Jan-21,08-Jan-21
80301008026,RANGREZ BAZAR,80301008026,08-Jan-21,08-Jan-21
80301008027,VYAS MANDI,80301008027,08-Jan-21,08-Jan-21
80301009028,PAN BAZAR,80301009028,08-Jan-21,08-Jan-21
80301009029,LALAGUDI,80301009029,08-Jan-21,08-Jan-21
80301009030,TOBACCO BAZAAR,80301009030,08-Jan-21,08-Jan-21
80301010031,NALLAGUTTA,80301010031,08-Jan-21,08-Jan-21
80301010032,RAMGOPLA PET,80301010032,08-Jan-21,08-Jan-21
80301011033,JAWAHAR NAGAR,80301011033,08-Jan-21,08-Jan-21
80301011034,KRISHNA NAGAR COLONY,80301011034,08-Jan-21,08-Jan-21
80301011035,SINDI COLONY,80301011035,08-Jan-21,08-Jan-21
80301012036,BARTAN DODDI,80301012036,08-Jan-21,08-Jan-21
80301012037,KANDOJI BAZAR,80301012037,08-Jan-21,08-Jan-21
80301012038,CHIKOTI GARDEN,80301012038,08-Jan-21,08-Jan-21
80301012039,GENERAL BAZAR,80301012039,08-Jan-21,08-Jan-21
80301012040,DHAN BAZAR,80301012040,08-Jan-21,08-Jan-21
80301013041,TAXILA APARTMENT,80301013041,08-Jan-21,08-Jan-21
80301013042,AVULAMANDA,80301013042,08-Jan-21,08-Jan-21
80301013043,SOMASUNDARAM STREET,80301013043,08-Jan-21,08-Jan-21
80301013044,GEETHA BHAVAN,80301013044,08-Jan-21,08-Jan-21
80301014045,POT MARKET,80301014045,08-Jan-21,08-Jan-21
80301014046,MONDA MARKET,80301014046,08-Jan-21,08-Jan-21
80301014047,TAKARA BASTI,80301014047,08-Jan-21,08-Jan-21
80301014048,POT MARKET,80301014048,08-Jan-21,08-Jan-21
80302015049,WarasigudA,80302015049,08-Jan-21,08-Jan-21
80302015050,New Ashok Nagar,80302015050,08-Jan-21,08-Jan-21
80302016051,ShaBad Guda,80302016051,08-Jan-21,08-Jan-21
80302016052,Srinivasa Nagar Colony,80302016052,08-Jan-21,08-Jan-21
80302016053,Savarala Basti,80302016053,08-Jan-21,08-Jan-21
80302016054,Markandeya Nagar,80302016054,08-Jan-21,08-Jan-21
80302016055,Mohan Reddy Nagar,80302016055,08-Jan-21,08-Jan-21
80302016056,Venkatesh Nagar,80302016056,08-Jan-21,08-Jan-21
80302017057,Naguluri Narasimha Street,80302017057,08-Jan-21,08-Jan-21
80302017058,TRT Quarters,80302017058,08-Jan-21,08-Jan-21
80302017059,Joshi Compound,80302017059,08-Jan-21,08-Jan-21
80302017060,Pishalkar Colony,80302017060,08-Jan-21,08-Jan-21
80302017061,Beedal Basti,80302017061,08-Jan-21,08-Jan-21
80302018062,CRPF Colony,80302018062,08-Jan-21,08-Jan-21
80302018063,Brook BondColony,80302018063,08-Jan-21,08-Jan-21
80302018064,Padma rao Nagar,80302018064,08-Jan-21,08-Jan-21
80302018065,Sashwath Nagar,80302018065,08-Jan-21,08-Jan-21
80302018066,Balram Compound,80302018066,08-Jan-21,08-Jan-21
80302019067,Madhura Nagar,80302019067,08-Jan-21,08-Jan-21
80302019068,Namalgundu,80302019068,08-Jan-21,08-Jan-21
80302019069,Muhmmad Guda,80302019069,08-Jan-21,08-Jan-21
80302019070,Uppar Basti,80302019070,08-Jan-21,08-Jan-21
80302020071,Brahman Basti,80302020071,08-Jan-21,08-Jan-21
80302020072,Anna Nagar,80302020072,08-Jan-21,08-Jan-21
80302020073,Pandava Basti,80302020073,08-Jan-21,08-Jan-21
80302020074,Basavatarak Nagar,80302020074,08-Jan-21,08-Jan-21
80302020075,aat(8) Number galli,80302020075,08-Jan-21,08-Jan-21
80302021076,Dadar Compound,80302021076,08-Jan-21,08-Jan-21
80302021077,Mettuguda,80302021077,08-Jan-21,08-Jan-21
80302021078,Alugadda Bai,80302021078,08-Jan-21,08-Jan-21
80302021079,Railway quarters,80302021079,08-Jan-21,08-Jan-21
80302022080,Seetharam Nagar,80302022080,08-Jan-21,08-Jan-21
80302022081,Indira Nagar,80302022081,08-Jan-21,08-Jan-21
80302023082,Medibai,80302023082,08-Jan-21,08-Jan-21
80302023083,L N Nagar,80302023083,08-Jan-21,08-Jan-21
80302023084,Amber Nagar,80302023084,08-Jan-21,08-Jan-21
80302023085,Eshwari Bai,80302023085,08-Jan-21,08-Jan-21
80302024086,Keshav Nagar,80302024086,08-Jan-21,08-Jan-21
80302024087,Ravindra Nagar,80302024087,08-Jan-21,08-Jan-21
80302024088,Seethaphalamandi Railway Quarters,80302024088,08-Jan-21,08-Jan-21
80302025089,Partiwada,80302025089,08-Jan-21,08-Jan-21
80302025090,Railway quarters,80302025090,08-Jan-21,08-Jan-21
80302025091,Venkatapuram Colony,80302025091,08-Jan-21,08-Jan-21
80302025092,Hamal Basti,80302025092,08-Jan-21,08-Jan-21
80302026093,Sri Rama Colony,80302026093,08-Jan-21,08-Jan-21
80302026094,CH Railway Quarters,80302026094,08-Jan-21,08-Jan-21
80302026095,Rangu Bhai,80302026095,08-Jan-21,08-Jan-21
80302026096,Chinta bai,80302026096,08-Jan-21,08-Jan-21
80302026097,Dood bai,80302026097,08-Jan-21,08-Jan-21
80302026098,Ntr nagar,80302026098,08-Jan-21,08-Jan-21
80302027099,Babu jagjivan rao basti,80302027099,08-Jan-21,08-Jan-21
80302027100,Kindi basti,80302027100,08-Jan-21,08-Jan-21
80302027101,Midi basthi,80302027101,08-Jan-21,08-Jan-21
80302027102,Bavani nagar,80302027102,08-Jan-21,08-Jan-21
80302028103,Erukala Basti,80302028103,08-Jan-21,08-Jan-21
80302028104,Boudha Nagar,80302028104,08-Jan-21,08-Jan-21
80302028105,Raghavendra Nagar,80302028105,08-Jan-21,08-Jan-21
80302028106,Bank Colony,80302028106,08-Jan-21,08-Jan-21
80303029107,A-Class,80303029107,08-Jan-21,08-Jan-21
80303029108,B-Class,80303029108,08-Jan-21,08-Jan-21
80303029109,C-Class,80303029109,08-Jan-21,08-Jan-21
80303029110,D-Class,80303029110,08-Jan-21,08-Jan-21
80303030111,Devi Nagar,80303030111,08-Jan-21,08-Jan-21
80303031112,Gandhi Nagar,80303031112,08-Jan-21,08-Jan-21
80303032113,keyes Block,80303032113,08-Jan-21,08-Jan-21
80303033114,Jaya Nagar Colony,80303033114,08-Jan-21,08-Jan-21
80303034115,Krishna Nagar Colony,80303034115,08-Jan-21,08-Jan-21
80303034116,Krishna Nagar Basthi,80303034116,08-Jan-21,08-Jan-21
80303034117,M I G Colony,80303034117,08-Jan-21,08-Jan-21
80303034118,New Bolakpur (Opp Gandhi),80303034118,08-Jan-21,08-Jan-21
80303035119,New Anjaneya Colony,80303035119,08-Jan-21,08-Jan-21
80303035120,Gangaputra Sangam,80303035120,08-Jan-21,08-Jan-21
80303035121,Venkateshwara Nagar,80303035121,08-Jan-21,08-Jan-21
80303036122,P & T Colony,80303036122,08-Jan-21,08-Jan-21
80303037123,Bhagya Nagar Colony,80303037123,08-Jan-21,08-Jan-21
80303037124,S B I Colony,80303037124,08-Jan-21,08-Jan-21
80303037125,Kanchara Basthi,80303037125,08-Jan-21,08-Jan-21
80303038126,Pathang Building,80303038126,08-Jan-21,08-Jan-21
80303038127,Kotha Bazar,80303038127,08-Jan-21,08-Jan-21
80303038128,Kummara Basthi,80303038128,08-Jan-21,08-Jan-21
80304039129,TukaramGate,80304039129,08-Jan-21,08-Jan-21
80304039130,KondalReddy Nagar,80304039130,08-Jan-21,08-Jan-21
80304039131,SaiNagar,80304039131,08-Jan-21,08-Jan-21
80304039132,Vaddaera Basti 1,80304039132,08-Jan-21,08-Jan-21
80304039133,Shastri Nagar,80304039133,08-Jan-21,08-Jan-21
80304039134,Nandan Nagar,80304039134,08-Jan-21,08-Jan-21
80304039135,Vaddera Basti 1,80304039135,08-Jan-21,08-Jan-21
80304040136,Azad Chandra Shekar,80304040136,08-Jan-21,08-Jan-21
80304040137,Lakshmi Nagar,80304040137,08-Jan-21,08-Jan-21
80304040138,NagaRaju Basti,80304040138,08-Jan-21,08-Jan-21
80304041139,Boya Basthi,80304041139,08-Jan-21,08-Jan-21
80304041140,Vaddera Basti 2,80304041140,08-Jan-21,08-Jan-21
80304041141,Lohiya Nagar,80304041141,08-Jan-21,08-Jan-21
80304041142,Vaddera Basti 3,80304041142,08-Jan-21,08-Jan-21
80304042143,Teachers Colony,80304042143,08-Jan-21,08-Jan-21
80304042144,Shenoy Nusing Home,80304042144,08-Jan-21,08-Jan-21
80304042145,Naveen Super Bazar,80304042145,08-Jan-21,08-Jan-21
80304042146,Hanuman Gudi,80304042146,08-Jan-21,08-Jan-21
80304043147,TRT Block,80304043147,08-Jan-21,08-Jan-21
80304043148,Nehru Nagar,80304043148,08-Jan-21,08-Jan-21
80304043149,Judge Colony,80304043149,08-Jan-21,08-Jan-21
80304043150,Lepakshi Colony,80304043150,08-Jan-21,08-Jan-21
80304043151,Syndicate Bank Colony,80304043151,08-Jan-21,08-Jan-21
80304043152,SBH Colony,80304043152,08-Jan-21,08-Jan-21
80304043153,Krishnapuri Colony,80304043153,08-Jan-21,08-Jan-21
80304043154,Chandrapuri colony,80304043154,08-Jan-21,08-Jan-21
80304044155,GandhiNagar,80304044155,08-Jan-21,08-Jan-21
80304044156,Valmiki Nagar,80304044156,08-Jan-21,08-Jan-21
80304044157,Sanjeevaiah Nagar,80304044157,08-Jan-21,08-Jan-21
80304044158,AOC Gate,80304044158,08-Jan-21,08-Jan-21
80304044159,2nd Lakshmi Nagar,80304044159,08-Jan-21,08-Jan-21
80304044160,Indrapuri Railway Colony,80304044160,08-Jan-21,08-Jan-21
80304045161,MahendraHills,80304045161,08-Jan-21,08-Jan-21
80304045162,Trimurthy Colony,80304045162,08-Jan-21,08-Jan-21
80304045163,Ravi Colony,80304045163,08-Jan-21,08-Jan-21
80304045164,Dhanalakshmi Colony,80304045164,08-Jan-21,08-Jan-21
80304045165,SanthoshiMata Colony,80304045165,08-Jan-21,08-Jan-21
80304046166,Picket,80304046166,08-Jan-21,08-Jan-21
80304046167,Seethapathi Colony,80304046167,08-Jan-21,08-Jan-21
80304046168,Samrat Colony,80304046168,08-Jan-21,08-Jan-21
80304046169,Suman Colony,80304046169,08-Jan-21,08-Jan-21
80304046170,Vijay Nagar,80304046170,08-Jan-21,08-Jan-21
80304046171,Subbarao Colony,80304046171,08-Jan-21,08-Jan-21
80304046172,Ashwini Colony,80304046172,08-Jan-21,08-Jan-21
80304047173,Kakaguda,80304047173,08-Jan-21,08-Jan-21
80304047174,BrookeBond Colony,80304047174,08-Jan-21,08-Jan-21
80304047175,Vasavi Colony,80304047175,08-Jan-21,08-Jan-21
80304047176,Rtc Colony,80304047176,08-Jan-21,08-Jan-21
80304047177,GruhaLakshmi Colony,80304047177,08-Jan-21,08-Jan-21
80304047178,Karkhana,80304047178,08-Jan-21,08-Jan-21
80304048179,Thirmulgeery Colony,80304048179,08-Jan-21,08-Jan-21
80304048180,RTA Office,80304048180,08-Jan-21,08-Jan-21
80304048181,P&T Colony,80304048181,08-Jan-21,08-Jan-21
80304048182,VedaVihar Colony,80304048182,08-Jan-21,08-Jan-21
80304048183,lalBazar,80304048183,08-Jan-21,08-Jan-21
80304048184,Shastri Nagar,80304048184,08-Jan-21,08-Jan-21
80304048185,Postal Colony,80304048185,08-Jan-21,08-Jan-21
80304048186,SriRaga Colony,80304048186,08-Jan-21,08-Jan-21
80304048187,KushanNand Nagar,80304048187,08-Jan-21,08-Jan-21
80305049188,Tatachari colony,80305049188,08-Jan-21,08-Jan-21
80305049189,Shyamlal Buliders,80305049189,08-Jan-21,08-Jan-21
80305049190,RBI Quaters,80305049190,08-Jan-21,08-Jan-21
80305049191,Bhagat Singh Colonty,80305049191,08-Jan-21,08-Jan-21
80305050192,Kata Masaimamm,80305050192,08-Jan-21,08-Jan-21
80305050193,Anna Nagar,80305050193,08-Jan-21,08-Jan-21
80305050194,Margadarshini Colony,80305050194,08-Jan-21,08-Jan-21
80305050195,Indiramma Nagar,80305050195,08-Jan-21,08-Jan-21
80305051196,Prakash Nagar,80305051196,08-Jan-21,08-Jan-21
80305051197,Prakash Nagar Extension,80305051197,08-Jan-21,08-Jan-21
80305051198,Vikar Nagar,80305051198,08-Jan-21,08-Jan-21
80305052199,Police Quaters,80305052199,08-Jan-21,08-Jan-21
80305052200,Bhagwantpur,80305052200,08-Jan-21,08-Jan-21
80305052201,Amebedkar Nagar,80305052201,08-Jan-21,08-Jan-21
80305052202,Gagan Vihar Colony,80305052202,08-Jan-21,08-Jan-21
80305052203,Moti Nagar,80305052203,08-Jan-21,08-Jan-21
80305053204,Paigah Colony,80305053204,08-Jan-21,08-Jan-21
80305053205,Viman Nagar,80305053205,08-Jan-21,08-Jan-21
80305053206,Happy Enclave,80305053206,08-Jan-21,08-Jan-21
80305053207,Balamrai,80305053207,08-Jan-21,08-Jan-21
80305054208,Upper basti,80305054208,08-Jan-21,08-Jan-21
80305054209,Niche Basti,80305054209,08-Jan-21,08-Jan-21
80305054210,NTR Basti,80305054210,08-Jan-21,08-Jan-21
80305055211,Brahaman Vadi,80305055211,08-Jan-21,08-Jan-21
80305055212,Mataji nagar,80305055212,08-Jan-21,08-Jan-21
80305055213,Vadar Basti,80305055213,08-Jan-21,08-Jan-21
80305056214,Alamtota bai,80305056214,08-Jan-21,08-Jan-21
80305056215,Chikoti Gardens,80305056215,08-Jan-21,08-Jan-21
80305056216,R K Towers,80305056216,08-Jan-21,08-Jan-21
80305057217,Old Patigadda,80305057217,08-Jan-21,08-Jan-21
80305057218,New Patigadda,80305057218,08-Jan-21,08-Jan-21
80305057219,Airlines Colony,80305057219,08-Jan-21,08-Jan-21
80305057220,NBT Nagar,80305057220,08-Jan-21,08-Jan-21
80305057221,Vadar Basti,80305057221,08-Jan-21,08-Jan-21
80306058222,Lotukunta,80306058222,08-Jan-21,08-Jan-21
80306058223,New Sai Nagar,80306058223,08-Jan-21,08-Jan-21
80306058224,Manda Bavi,80306058224,08-Jan-21,08-Jan-21
80306058225,Saraswati Nagar,80306058225,08-Jan-21,08-Jan-21
80306058226,Mallareddy Nagar,80306058226,08-Jan-21,08-Jan-21
80306058227,Laxmi Nagar,80306058227,08-Jan-21,08-Jan-21
80306059228,West Venkatapuram,80306059228,08-Jan-21,08-Jan-21
80306059229,Bank Colony,80306059229,08-Jan-21,08-Jan-21
80306059230,Dinakar Nagar,80306059230,08-Jan-21,08-Jan-21
80306059231,Krishnamma Enclave,80306059231,08-Jan-21,08-Jan-21
80306059232,Shubodhaya Nagar,80306059232,08-Jan-21,08-Jan-21
80306059233,Ramchandraiah Nagar,80306059233,08-Jan-21,08-Jan-21
80306059234,Penta Reddy Nagar,80306059234,08-Jan-21,08-Jan-21
80306059235,Boodevi Nagar,80306059235,08-Jan-21,08-Jan-21
80306060236,Venkatapuram,80306060236,08-Jan-21,08-Jan-21
80306060237,Joshi Nagar,80306060237,08-Jan-21,08-Jan-21
80306060238,Indira Nagar,80306060238,08-Jan-21,08-Jan-21
80306060239,MES Colony,80306060239,08-Jan-21,08-Jan-21
80306060240,Ram Nagar,80306060240,08-Jan-21,08-Jan-21
80306060241,Sai Nagar,80306060241,08-Jan-21,08-Jan-21
80306060242,Anand Rao Nagar,80306060242,08-Jan-21,08-Jan-21
80306061243,Golnaka,80306061243,08-Jan-21,08-Jan-21
80306061244,Alwal,80306061244,08-Jan-21,08-Jan-21
80306062245,Temple Alwal,80306062245,08-Jan-21,08-Jan-21
80306062246,Bharathi Nagar,80306062246,08-Jan-21,08-Jan-21
80306062247,Srinivasa Nagar,80306062247,08-Jan-21,08-Jan-21
80306063248,Reddy Enclave,80306063248,08-Jan-21,08-Jan-21
80306064249,Kummari Basti,80306064249,08-Jan-21,08-Jan-21
80306064250,Harizan Basti,80306064250,08-Jan-21,08-Jan-21
80306064251,Old Alwal,80306064251,08-Jan-21,08-Jan-21
80306065252,Surya Nagar,80306065252,08-Jan-21,08-Jan-21
80306065253,Ayyappa Nagar,80306065253,08-Jan-21,08-Jan-21
80306065254,Sri Nagar Colony,80306065254,08-Jan-21,08-Jan-21
80306065255,Bhavani Nagar,80306065255,08-Jan-21,08-Jan-21
80306065256,Jonna Banda,80306065256,08-Jan-21,08-Jan-21
80306065257,Vajra Enclave,80306065257,08-Jan-21,08-Jan-21
80306065258,Ambedkar Nagar,80306065258,08-Jan-21,08-Jan-21
80306066259,Mangapuram,80306066259,08-Jan-21,08-Jan-21
80306066260,BhupatiRao Nagar,80306066260,08-Jan-21,08-Jan-21
80306066261,Alwal Hills,80306066261,08-Jan-21,08-Jan-21
80306066262,Citizen Colony,80306066262,08-Jan-21,08-Jan-21
80306066263,Janaki Ram Nagar,80306066263,08-Jan-21,08-Jan-21
80306066264,Manjeera Nagar,80306066264,08-Jan-21,08-Jan-21
80307067265,Janapriya Colony,80307067265,08-Jan-21,08-Jan-21
80307067266,G.V.Reddy Colony,80307067266,08-Jan-21,08-Jan-21
80307067267,Dovtan Bazar,80307067267,08-Jan-21,08-Jan-21
80307067268,Chintal Bazar,80307067268,08-Jan-21,08-Jan-21
80307067269,Vivekananda Colony,80307067269,08-Jan-21,08-Jan-21
80307067270,Aditya Bank Colony,80307067270,08-Jan-21,08-Jan-21
80307068271,New Blocks,80307068271,08-Jan-21,08-Jan-21
80307068272,Sadar Bazar,80307068272,08-Jan-21,08-Jan-21
80307068273,Ambedkar Nagar,80307068273,08-Jan-21,08-Jan-21
80307069274,Sadhana Mandir,80307069274,08-Jan-21,08-Jan-21
80307069275,Risala Bazar,80307069275,08-Jan-21,08-Jan-21
80307069276,Maa Santoshi Colony,80307069276,08-Jan-21,08-Jan-21
80307069277,Bhajrang Nagar Colony,80307069277,08-Jan-21,08-Jan-21
80307069278,Bhandan,80307069278,08-Jan-21,08-Jan-21
80307069279,Bhanjara Colony,80307069279,08-Jan-21,08-Jan-21
80307070280,Kalasi Guda,80307070280,08-Jan-21,08-Jan-21
80307070281,Kottha Basthi,80307070281,08-Jan-21,08-Jan-21
80307070282,Bhatan Gudha,80307070282,08-Jan-21,08-Jan-21
80307070283,Adarsh Nagar,80307070283,08-Jan-21,08-Jan-21
80307070284,Sai Nagar Colony,80307070284,08-Jan-21,08-Jan-21
80307071285,Bhrundhavan Enclave,80307071285,08-Jan-21,08-Jan-21
80307071286,Royal Enclave,80307071286,08-Jan-21,08-Jan-21
80307071287,Venkateshwara Enclave,80307071287,08-Jan-21,08-Jan-21
80307071288,Rukmini Enclave,80307071288,08-Jan-21,08-Jan-21
80307071289,Thurkapalli Village,80307071289,08-Jan-21,08-Jan-21
80307071290,Railway Emp Colony,80307071290,08-Jan-21,08-Jan-21
80307072291,Gopal Nagar,80307072291,08-Jan-21,08-Jan-21
80307072292,Ekkalavya Nagar,80307072292,08-Jan-21,08-Jan-21
80307072293,Sri Sai Enclave,80307072293,08-Jan-21,08-Jan-21
80307073294,M.G. Nagar,80307073294,08-Jan-21,08-Jan-21
80307073295,Sri Sai Colony,80307073295,08-Jan-21,08-Jan-21
80307073296,Krishna Nagar,80307073296,08-Jan-21,08-Jan-21
80307073297,Chandra Nagar Colony,80307073297,08-Jan-21,08-Jan-21
80307073298,Madhura Nagar Colony,80307073298,08-Jan-21,08-Jan-21
80307073299,Dinsi Basthi,80307073299,08-Jan-21,08-Jan-21
80307073300,Sarvesham Guta,80307073300,08-Jan-21,08-Jan-21
80307073301,Pittala Basthi,80307073301,08-Jan-21,08-Jan-21
80307074302,Kummari Basthi,80307074302,08-Jan-21,08-Jan-21
80307074303,Harijana Basthi,80307074303,08-Jan-21,08-Jan-21
80307074304,Hanuman Tekadhi,80307074304,08-Jan-21,08-Jan-21
80307074305,Select Takies,80307074305,08-Jan-21,08-Jan-21
80307074306,Reddy Basthi,80307074306,08-Jan-21,08-Jan-21
80307074307,Bhagwat Nagar,80307074307,08-Jan-21,08-Jan-21
80307074308,Tenugu Basthi,80307074308,08-Jan-21,08-Jan-21
80307074309,Bobbili Ranga Reddy Nagar,80307074309,08-Jan-21,08-Jan-21
80307075310,KrishnaNagar Colony,80307075310,08-Jan-21,08-Jan-21
80308076311,Shamirpet,80308076311,08-Jan-21,08-Jan-21
80308076312,Anthaipally,80308076312,08-Jan-21,08-Jan-21
80308076313,Babaguda,80308076313,08-Jan-21,08-Jan-21
80308076314,Mandhaypally,80308076314,08-Jan-21,08-Jan-21
80308076315,Thurkapally,80308076315,08-Jan-21,08-Jan-21
80308076316,Mazeedpur,80308076316,08-Jan-21,08-Jan-21
80308076317,Thumikunta,80308076317,08-Jan-21,08-Jan-21
80308076318,Hakimpet,80308076318,08-Jan-21,08-Jan-21
80308076319,Singaipally (P),80308076319,08-Jan-21,08-Jan-21
80308077320,Dhegvarayamjal,80308077320,08-Jan-21,08-Jan-21
80308077321,Aliyabadh,80308077321,08-Jan-21,08-Jan-21
80308077322,Lalgadi malakpet,80308077322,08-Jan-21,08-Jan-21
80308077323,Kolthur,80308077323,08-Jan-21,08-Jan-21
80308077324,Pyata (P),80308077324,08-Jan-21,08-Jan-21
80308077325,Jaganguda,80308077325,08-Jan-21,08-Jan-21
80308077326,Jaganguda Colony&SAMPANBOL (P),80308077326,08-Jan-21,08-Jan-21
80308077327,Bommarasipet,80308077327,08-Jan-21,08-Jan-21
80308077328,Keshawaram,80308077328,08-Jan-21,08-Jan-21
80308077329,Keshawaram Thanda,80308077329,08-Jan-21,08-Jan-21
80308078330,Muduchinthalapally,80308078330,08-Jan-21,08-Jan-21
80308078331,Laxmapur,80308078331,08-Jan-21,08-Jan-21
80308078332,Laxmapur Thanda,80308078332,08-Jan-21,08-Jan-21
80308078333,Narayanapur,80308078333,08-Jan-21,08-Jan-21
80308078334,Anantharam,80308078334,08-Jan-21,08-Jan-21
80308078335,Potharam,80308078335,08-Jan-21,08-Jan-21
80308078336,Lingapur Thanda,80308078336,08-Jan-21,08-Jan-21
80308079337,Udhamarry,80308079337,08-Jan-21,08-Jan-21
80308079338,Keshapur,80308079338,08-Jan-21,08-Jan-21
80308079339,Adhamarry,80308079339,08-Jan-21,08-Jan-21
80308079340,Ponnal,80308079340,08-Jan-21,08-Jan-21
80308079341,USHARPALLY,80308079341,08-Jan-21,08-Jan-21
