Upabasti / Gramam ID,Upabasti / Gramam Name,Basti ID,modified on,created on
80401001001,OLD BOWENPALLY,80401001,19-Jan-21,19-Jan-21
80401001002,RAJA RAJESWARY COLONY,80401001,19-Jan-21,19-Jan-21
80401001003,MALLIKARJUNA COLONY,80401001,19-Jan-21,19-Jan-21
80401001004,GANGAPUTRA SANGAM,80401001,19-Jan-21,19-Jan-21
80401002005,HASMATHPET ,80401002,19-Jan-21,19-Jan-21
80401002006,VYSHYA BANK COLONY,80401002,19-Jan-21,19-Jan-21
80401002007,SHIVA ENCLAVE,80401002,19-Jan-21,19-Jan-21
80401002008,ANJAIAH NAGAR,80401002,19-Jan-21,19-Jan-21
80401003009,NETAJI NAGAR,80401003,19-Jan-21,19-Jan-21
80401003010,SANJEEVAIAH COLONY,80401003,19-Jan-21,19-Jan-21
80401003011,CHINNATHOKATTA VILLEGE,80401003,19-Jan-21,19-Jan-21
80401003012,SITARAMPUR COLONY,80401003,19-Jan-21,19-Jan-21
80401004013,SOUJANA COLONY,80401004,19-Jan-21,19-Jan-21
80401004014,BAPUJI NAGAR,80401004,19-Jan-21,19-Jan-21
80401004015,BHAVANA COLONY,80401004,19-Jan-21,19-Jan-21
80401004016,JAYA NAGAR,80401004,19-Jan-21,19-Jan-21
80401005017,TAWAIPURA,80401005,19-Jan-21,19-Jan-21
80401005018,TADBAND TEMPLE,80401005,19-Jan-21,19-Jan-21
80401006019,BHEL ENCLAVE,80401006,19-Jan-21,19-Jan-21
80401006020,MADUPALA ENCLAVE,80401006,19-Jan-21,19-Jan-21
80401006021,SAIL COLONY,80401006,19-Jan-21,19-Jan-21
80401007022,MUDFORT,80401007,19-Jan-21,19-Jan-21
80401007023,SIKH VILLAGE ,80401007,19-Jan-21,19-Jan-21
80401008024,VAYUPURI COLONY,80401008,19-Jan-21,19-Jan-21
80401008025,AWHO COLONY,80401008,19-Jan-21,19-Jan-21
80401008026,JUPITER COLONY,80401008,19-Jan-21,19-Jan-21
80402009027,INDIRA NAGAR,80402009,19-Jan-21,19-Jan-21
80402009028,DAIRY FORM,80402009,19-Jan-21,19-Jan-21
80402009029,SWARNADHAM NAGAR,80402009,19-Jan-21,19-Jan-21
80402009030,SATYA SAI NAGAR,80402009,19-Jan-21,19-Jan-21
80402009031,KRISHNAMMA ENCLAVE,80402009,19-Jan-21,19-Jan-21
80402010032,GREEN FIELDS,80402010,19-Jan-21,19-Jan-21
80402010033,YADAMMA NAGAR,80402010,19-Jan-21,19-Jan-21
80402010034,AMBEDKAR NAGAR,80402010,19-Jan-21,19-Jan-21
80402010035,KRISHNAMMA ENCLAVE,80402010,19-Jan-21,19-Jan-21
80402011036,KAANAAJIGUDA,80402011,19-Jan-21,19-Jan-21
80402011037,SHIVA NAGAR,80402011,19-Jan-21,19-Jan-21
80402011038,TELECOM COLONY,80402011,19-Jan-21,19-Jan-21
80402012039,SUBHASH NAGAR,80402012,19-Jan-21,19-Jan-21
80402012040,BHUDEVI NAGAR,80402012,19-Jan-21,19-Jan-21
80402013041,GUNROCK,80402013,19-Jan-21,19-Jan-21
80402013042,TEACHERS COLONY,80402013,19-Jan-21,19-Jan-21
80402013043,MANASA SAROVAR APMT.,80402013,19-Jan-21,19-Jan-21
80402013044,VEDHA VIHAR,80402013,19-Jan-21,19-Jan-21
80402013045,SAIBABA NAGAR,80402013,19-Jan-21,19-Jan-21
80403014046,DURGA ESTATES,80403014,19-Jan-21,19-Jan-21
80403014047,SUCHITRA,80403014,19-Jan-21,19-Jan-21
80403014048,BANK COLONY,80403014,19-Jan-21,19-Jan-21
80403014049,VENNELA GADDA,80403014,19-Jan-21,19-Jan-21
80403015050,JEEDIMETLA,80403015,19-Jan-21,19-Jan-21
80403015051,HANUMAN BASTI,80403015,19-Jan-21,19-Jan-21
80403015052,PRAGA TOOLS,80403015,19-Jan-21,19-Jan-21
80403016053,ANGADIPET,80403016,19-Jan-21,19-Jan-21
80403016054,MEENAKSHI ESTATES,80403016,19-Jan-21,19-Jan-21
80403016055,NORTH NCL COLONY,80403016,19-Jan-21,19-Jan-21
80403017056,NCL,80403017,19-Jan-21,19-Jan-21
80403017057,CINE PLANET,80403017,19-Jan-21,19-Jan-21
80403017058,SAI CHAITANYA,80403017,19-Jan-21,19-Jan-21
80403018059,PRAJAY ,80403018,19-Jan-21,19-Jan-21
80403018060,BANK COLONY,80403018,19-Jan-21,19-Jan-21
80403018061,UMA MAHESHWARY COLONY,80403018,19-Jan-21,19-Jan-21
80403019062,POCHAMMA  GADDA,80403019,19-Jan-21,19-Jan-21
80403019063,GHANDI NAGAR,80403019,19-Jan-21,19-Jan-21
80403019064,ASHWINI COLONY,80403019,19-Jan-21,19-Jan-21
80403019065,DEVENDRA COLONY,80403019,19-Jan-21,19-Jan-21
80403019066,SRINIVAS COLONY,80403019,19-Jan-21,19-Jan-21
80404020067,MEDCHAL,80404020,19-Jan-21,19-Jan-21
80404020068,KISTAPUR,80404020,19-Jan-21,19-Jan-21
80404020069,ATHVELLY,80404020,19-Jan-21,19-Jan-21
80404020070,GIRMAPOOR,80404020,19-Jan-21,19-Jan-21
80404021071,DABILPOOR,80404021,19-Jan-21,19-Jan-21
80404021072,BARMAJIGUDA,80404021,19-Jan-21,19-Jan-21
80404021073,KONAIPALLI,80404021,19-Jan-21,19-Jan-21
80404021074,ELLAMPET,80404021,19-Jan-21,19-Jan-21
80404021075,SOMARAM,80404021,19-Jan-21,19-Jan-21
80404021076,NUTANKAL,80404021,19-Jan-21,19-Jan-21
80404021077,MAISIREDDY PALLI,80404021,19-Jan-21,19-Jan-21
80404021078,LINGAPUR,80404021,19-Jan-21,19-Jan-21
80404022079,SALEGUDEM,80404022,19-Jan-21,19-Jan-21
80404022080,RAJABOLLARAM,80404022,19-Jan-21,19-Jan-21
80404022081,GHANPUR,80404022,19-Jan-21,19-Jan-21
80404022082,PUDURU,80404022,19-Jan-21,19-Jan-21
80404022083,RAVALKOL,80404022,19-Jan-21,19-Jan-21
80404022084,YADARAM,80404022,19-Jan-21,19-Jan-21
80404022085,ARKELAGUDEM,80404022,19-Jan-21,19-Jan-21
80404022086,GOSHIGUDA,80404022,19-Jan-21,19-Jan-21
80404022087,RAJABOLLARAM TAANDA,80404022,19-Jan-21,19-Jan-21
80404022088,Akbarjapet,80404022,19-Jan-21,19-Jan-21
80404022089,RAVALKOL TANDA,80404022,19-Jan-21,19-Jan-21
80404022090,MURARIPALLI,80404022,19-Jan-21,19-Jan-21
80404022091,BANDAKUNTA,80404022,19-Jan-21,19-Jan-21
80404023092,GUDLAPOCHAMPALLI,80404023,19-Jan-21,19-Jan-21
80404023093,KANDLAKOYA,80404023,19-Jan-21,19-Jan-21
80404023094,SRIRANGAVARAM,80404023,19-Jan-21,19-Jan-21
80404023095,MAISAMMA GUDA,80404023,19-Jan-21,19-Jan-21
80404023096,SUTHARI GUDEM,80404023,19-Jan-21,19-Jan-21
80404023097,BASARAAGADI,80404023,19-Jan-21,19-Jan-21
80404023098,BANDAMADARAM,80404023,19-Jan-21,19-Jan-21
80404023099,RAYILAPOOR,80404023,19-Jan-21,19-Jan-21
80404023100,GOUDAVELLI,80404023,19-Jan-21,19-Jan-21
80404023101,SAHAJADIGUDA,80404023,19-Jan-21,19-Jan-21
80405024102,DUNDIGAL,80405024,19-Jan-21,19-Jan-21
80405024103,GAGILLAPUR,80405024,19-Jan-21,19-Jan-21
80405024104,D.POCHAMPALLI,80405024,19-Jan-21,19-Jan-21
80405024105,NAAGLUR,80405024,19-Jan-21,19-Jan-21
80405024106,DUNDIGAL TAANDA-1,80405024,19-Jan-21,19-Jan-21
80405024107,DUNDIGAL TAANDA-2,80405024,19-Jan-21,19-Jan-21
80405024108,CHARCH GAGILLAPUR,80405024,19-Jan-21,19-Jan-21
80405024109,SAREGUDAM,80405024,19-Jan-21,19-Jan-21
80405024110,SRIRAM NAGAR,80405024,19-Jan-21,19-Jan-21
80405024111,GANDI MAISAMMA,80405024,19-Jan-21,19-Jan-21
80405025112,BORAMPET,80405025,19-Jan-21,19-Jan-21
80405025113,MALLAMPET,80405025,19-Jan-21,19-Jan-21
80405025114,BACHUPALLY,80405025,19-Jan-21,19-Jan-21
80405025115,SHAMBIPUR,80405025,19-Jan-21,19-Jan-21
80405025116,INDRAMMA COLONY,80405025,19-Jan-21,19-Jan-21
80405025117,MAHESHWARAM,80405025,19-Jan-21,19-Jan-21
80405025118,RAJIVA GRUHA KALPA,80405025,19-Jan-21,19-Jan-21
80405025119,RAJIVA GANDHINAGAR,80405025,19-Jan-21,19-Jan-21
80405025120,INDIRANAGAR,80405025,19-Jan-21,19-Jan-21
80405025121,SAINAGAR,80405025,19-Jan-21,19-Jan-21
80405026122,BAHADURPALLY,80405026,19-Jan-21,19-Jan-21
80405026123,INDRAMMA COLONY,80405026,19-Jan-21,19-Jan-21
80405026124,MAISAMMA GUDA,80405026,19-Jan-21,19-Jan-21
80405026125,DHULAPALLY,80405026,19-Jan-21,19-Jan-21
80406027126,RAJIV GRUHA KALPA       ,80406027,19-Jan-21,19-Jan-21
80406027127,60 YARDS,80406027,19-Jan-21,19-Jan-21
80406027128,SIDHARTH NAGAR,80406027,19-Jan-21,19-Jan-21
80406028129,WEEKAR SECTION,80406028,19-Jan-21,19-Jan-21
80406028130,JEEVAN JYOTI,80406028,19-Jan-21,19-Jan-21
80406028131,BHAVANI NAGAR,80406028,19-Jan-21,19-Jan-21
80406029132,PRIYANKA NAGAR,80406029,19-Jan-21,19-Jan-21
80406029133,DAYANAND BASTI,80406029,19-Jan-21,19-Jan-21
80406029134,ANAND NAGAR,80406029,19-Jan-21,19-Jan-21
80406030135,PUSHPAGIRI BASTI,80406030,19-Jan-21,19-Jan-21
80406030136,KUNA KRISHNA GOUD,80406030,19-Jan-21,19-Jan-21
80406030137,PANDU BASTI,80406030,19-Jan-21,19-Jan-21
80406031138,KRISHNA NAGAR,80406031,19-Jan-21,19-Jan-21
80406032139,RAJIVA GANDHI NAGAR,80406032,19-Jan-21,19-Jan-21
80406032140,SHIVALAYA NAGAR,80406032,19-Jan-21,19-Jan-21
80406033141,KRISHNA NAGAR,80406033,19-Jan-21,19-Jan-21
80406033142,VISHWAKARMA COLONY,80406033,19-Jan-21,19-Jan-21
80406033143,LAXMI NAGAR COLONY,80406033,19-Jan-21,19-Jan-21
80406033144,VENKATARAM NAGAR COLONY,80406033,19-Jan-21,19-Jan-21
80406034145,APARUPA COLONY,80406034,19-Jan-21,19-Jan-21
80406034146,SR NAYAK NAGAR,80406034,19-Jan-21,19-Jan-21
80406034147,PRASHANT NAGAR,80406034,19-Jan-21,19-Jan-21
80406034148,JANAPRIYA APMT.,80406034,19-Jan-21,19-Jan-21
80406034149,MODI APMT.,80406034,19-Jan-21,19-Jan-21
80407035150,DEVENDRA NAGAR,80407035,19-Jan-21,19-Jan-21
80407035151,KESHAV NAGAR,80407035,19-Jan-21,19-Jan-21
80407035152,CHANDRAGIRI NAGAR,80407035,19-Jan-21,19-Jan-21
80407036153,METKENGUDA,80407036,19-Jan-21,19-Jan-21
80407036154,ADARSH NAGAR,80407036,19-Jan-21,19-Jan-21
80407036155,HAL COLONY,80407036,19-Jan-21,19-Jan-21
80407036156,MARKANDEYA COLONY,80407036,19-Jan-21,19-Jan-21
80407037157,INDIRA COLONY-A,80407037,19-Jan-21,19-Jan-21
80407037158,INDIRA COLONY-B,80407037,19-Jan-21,19-Jan-21
80407037159,SUBHASH NAGAR-A,80407037,19-Jan-21,19-Jan-21
80407037160,SUBHASH NAGAR-B,80407037,19-Jan-21,19-Jan-21
80407037161,PATEL COLONY,80407037,19-Jan-21,19-Jan-21
80407037162,SRIRAM NAGAR,80407037,19-Jan-21,19-Jan-21
80407037163,BHAGATSING,80407037,19-Jan-21,19-Jan-21
80407038164,SRINIVAS COLONY,80407038,19-Jan-21,19-Jan-21
80407038165,VIVEKANANDA COLONY,80407038,19-Jan-21,19-Jan-21
80407038166,SRINIVAS NAGAR ,80407038,19-Jan-21,19-Jan-21
80407038167,NLB COLONY,80407038,19-Jan-21,19-Jan-21
80407039168,KALAWATI NAGAR-A,80407039,19-Jan-21,19-Jan-21
80407039169,KALAWATI NAGAR-B,80407039,19-Jan-21,19-Jan-21
80407039170,GAYATRI APMNT,80407039,19-Jan-21,19-Jan-21
80407039171,TSIIC COLONY,80407039,19-Jan-21,19-Jan-21
80407039172,DP COLONY,80407039,19-Jan-21,19-Jan-21
80407040173,NEHRU NAGAR,80407040,19-Jan-21,19-Jan-21
80407040174,SANJAYGANDHI HOSPITAL,80407040,19-Jan-21,19-Jan-21
80407040175,SHIVALAYAM,80407040,19-Jan-21,19-Jan-21
80407040176,POCHAMA TEMPLE,80407040,19-Jan-21,19-Jan-21
80407041177,SHAPUR MARKET-A,80407041,19-Jan-21,19-Jan-21
80407041178,SHAPUR MARKET-B,80407041,19-Jan-21,19-Jan-21
80407041179,H.M.T.QUARTERS,80407041,19-Jan-21,19-Jan-21
80407041180,JEEDIMETLA INDUSTRY,80407041,19-Jan-21,19-Jan-21
80407042181,POCHAMMA TEMPLE,80407042,19-Jan-21,19-Jan-21
80407042182,AAYEE MATA TEMPLE,80407042,19-Jan-21,19-Jan-21
80407042183,AYODHYA NAGAR,80407042,19-Jan-21,19-Jan-21
80407042184,RAMREDDY NAGAR,80407042,19-Jan-21,19-Jan-21
80407042185,SUBHASH NAGAR-A,80407042,19-Jan-21,19-Jan-21
80407042186,SUBHASH NAGAR-B,80407042,19-Jan-21,19-Jan-21
80408043187,INDRASING NAGAR ,80408043,19-Jan-21,19-Jan-21
80408043188,VANI COLONY,80408043,19-Jan-21,19-Jan-21
80408043189,VENKATESH NAGAR,80408043,19-Jan-21,19-Jan-21
80408043190,MODI APMT.,80408043,19-Jan-21,19-Jan-21
80408044191,RAJU COLONY,80408044,19-Jan-21,19-Jan-21
80408044192,HAL,80408044,19-Jan-21,19-Jan-21
80408044193,SAINAGAR,80408044,19-Jan-21,19-Jan-21
80408044194,NAVJEEVAN NAGAR,80408044,19-Jan-21,19-Jan-21
80408044195,POLICE QUARTERS,80408044,19-Jan-21,19-Jan-21
80408044196,VINAYAK NAGAR,80408044,19-Jan-21,19-Jan-21
80408045197,BHEL,80408045,19-Jan-21,19-Jan-21
80408045198,FEROZGUDA,80408045,19-Jan-21,19-Jan-21
80408045199,ANTAMMAGUDA,80408045,19-Jan-21,19-Jan-21
80408045200,PHOOL BAGH,80408045,19-Jan-21,19-Jan-21
80408046201,ADARSH NAGAR,80408046,19-Jan-21,19-Jan-21
80408046202,APHB COLONY,80408046,19-Jan-21,19-Jan-21
80408046203,CHANDRA NAGAR,80408046,19-Jan-21,19-Jan-21
80408046204,CHINTAL,80408046,19-Jan-21,19-Jan-21
80408046205,RANGANAGAR,80408046,19-Jan-21,19-Jan-21
80408047206,SURYANAGAR,80408047,19-Jan-21,19-Jan-21
80408047207,RAMREDDY NAGAR,80408047,19-Jan-21,19-Jan-21
80408047208,PAPAYYA NAGAR,80408047,19-Jan-21,19-Jan-21
80408048209,GANESH NAGAR,80408048,19-Jan-21,19-Jan-21
80408048210,DWARAKA NAGAR,80408048,19-Jan-21,19-Jan-21
80408048211,THE NAGAR,80408048,19-Jan-21,19-Jan-21
80408048212,SUDARSHAN REDDY,80408048,19-Jan-21,19-Jan-21
80408048213,DWARAKAPURI COLONY,80408048,19-Jan-21,19-Jan-21
80408049214,BALREDDY NAGAR,80408049,19-Jan-21,19-Jan-21
80408049215,PADMA NAGAR PHASE-1,80408049,19-Jan-21,19-Jan-21
80408049216,CHERUKUPALLI COLONY,80408049,19-Jan-21,19-Jan-21
80408049217,KALPANA SOCIETY,80408049,19-Jan-21,19-Jan-21
80408049218,NTR COLONY,80408049,19-Jan-21,19-Jan-21
80408049219,DILKHUSH NAGAR,80408049,19-Jan-21,19-Jan-21
80408050220,QUTUBULLAPUR,80408050,19-Jan-21,19-Jan-21
80408050221,VIMANPURI COLONY,80408050,19-Jan-21,19-Jan-21
80408050222,RENUKA ENCLAVE,80408050,19-Jan-21,19-Jan-21
80408050223,VENKANNA HILLS,80408050,19-Jan-21,19-Jan-21
80408050224,BIRAPPA NAGAR,80408050,19-Jan-21,19-Jan-21
80408051225,VAJPAYEE NAGAR,80408051,19-Jan-21,19-Jan-21
80408051226,DATTATREYYA,80408051,19-Jan-21,19-Jan-21
80408051227,SAI NAGAR,80408051,19-Jan-21,19-Jan-21
80408051228,PRASANNA NAGAR,80408051,19-Jan-21,19-Jan-21
80408051229,SRINIVAS NAGAR,80408051,19-Jan-21,19-Jan-21
80408052230,SRI RAM NAGAR,80408052,19-Jan-21,19-Jan-21
80408052231,PADMA NAGAR PHASE-2,80408052,19-Jan-21,19-Jan-21
80408052232,BAPU NAGAR,80408052,19-Jan-21,19-Jan-21
80501001001,PNM School Basti,80501001,19-Jan-21,19-Jan-21
80501001002,Community Hall Basti,80501001,19-Jan-21,19-Jan-21
80501001003,Sai Baba Gudi Basti,80501001,19-Jan-21,19-Jan-21
80501001004,Govt School Basti,80501001,19-Jan-21,19-Jan-21
80501001005,Church Basti,80501001,19-Jan-21,19-Jan-21
80501002006,Tennis Ground Basti,80501002,19-Jan-21,19-Jan-21
80501002007,Sai Baba Gudi Basti,80501002,19-Jan-21,19-Jan-21
80501002008,Kanakadurga Gudi Basti,80501002,19-Jan-21,19-Jan-21
80501002009,Kalyan Jwellers Basti,80501002,19-Jan-21,19-Jan-21
80501002010,YSR Statue Basti,80501002,19-Jan-21,19-Jan-21
80501003011,Industrial Area,80501003,19-Jan-21,19-Jan-21
80501003012,Vignanpuri Colony,80501003,19-Jan-21,19-Jan-21
80501003013,Mytri Nagar,80501003,19-Jan-21,19-Jan-21
80501003014,Sai Baba Gudi Basti,80501003,19-Jan-21,19-Jan-21
80501003015,Rajeev Gandhi Nagar,80501003,19-Jan-21,19-Jan-21
80501004016,Dayaru Guda,80501004,19-Jan-21,19-Jan-21
80501004017,Kerala Basti,80501004,19-Jan-21,19-Jan-21
80501004018,Devi Nagar,80501004,19-Jan-21,19-Jan-21
80501004019,Ramaiah Nagar,80501004,19-Jan-21,19-Jan-21
80501004020,Sakali Basti,80501004,19-Jan-21,19-Jan-21
80501005021,Ayyappa Swamy Basti,80501005,19-Jan-21,19-Jan-21
80501005022,Little flower school Basti,80501005,19-Jan-21,19-Jan-21
80501005023,Community Hall Basti,80501005,19-Jan-21,19-Jan-21
80501005024,Industrial Area Basti,80501005,19-Jan-21,19-Jan-21
80501005025,Pochamma Talli Basti,80501005,19-Jan-21,19-Jan-21
80501006026,Eenadu colony,80501006,19-Jan-21,19-Jan-21
80501006027,Senior citizens Park Road,80501006,19-Jan-21,19-Jan-21
80501006028,Venakateshwara Swamy Basti,80501006,19-Jan-21,19-Jan-21
80501006029,Girls Hostel Basti,80501006,19-Jan-21,19-Jan-21
80501006030,Vivekananda Nagar Colony,80501006,19-Jan-21,19-Jan-21
80501007031,Anjaneya Gudi Road,80501007,19-Jan-21,19-Jan-21
80501007032,Yadav Basti,80501007,19-Jan-21,19-Jan-21
80501007033,Ramalayam Road,80501007,19-Jan-21,19-Jan-21
80501007034,Kumari Basti,80501007,19-Jan-21,19-Jan-21
80501007035,Pochamma Temple Road,80501007,19-Jan-21,19-Jan-21
80501008036,Community Hall Basti,80501008,19-Jan-21,19-Jan-21
80501008037,Ayyappa Swamy Basti,80501008,19-Jan-21,19-Jan-21
80501008038,Vadepalli Enclave,80501008,19-Jan-21,19-Jan-21
80501008039,Road no 1 to 4,80501008,19-Jan-21,19-Jan-21
80501008040,Road no 5 to 10,80501008,19-Jan-21,19-Jan-21
80501009041,Shanti Nagar,80501009,19-Jan-21,19-Jan-21
80501009042,Shesadri Nagar,80501009,19-Jan-21,19-Jan-21
80501009043,Community Hall Basti,80501009,19-Jan-21,19-Jan-21
80501009044,"Road no 1, 2, 3, 4, 5",80501009,19-Jan-21,19-Jan-21
80501009045,"Road No 6, 7, 8, 9, 10",80501009,19-Jan-21,19-Jan-21
80501010046,DAV primary school Basti,80501010,19-Jan-21,19-Jan-21
80501010047,SC Basti,80501010,19-Jan-21,19-Jan-21
80501010048,Sai Baba Colony,80501010,19-Jan-21,19-Jan-21
80501010049,Vishnu Colony,80501010,19-Jan-21,19-Jan-21
80501010050,Prakash Nagar,80501010,19-Jan-21,19-Jan-21
80502011051,1st BUS STOP,80502011,19-Jan-21,19-Jan-21
80502011052,VINAYAKA DEVALAYAM,80502011,19-Jan-21,19-Jan-21
80502012053,7th PHASE,80502012,19-Jan-21,19-Jan-21
80502012054,INDU DUPLEX,80502012,19-Jan-21,19-Jan-21
80502012055,INDO APARTMENT,80502012,19-Jan-21,19-Jan-21
80502013056,RAIN TREE PARK,80502013,19-Jan-21,19-Jan-21
80502013057,5th PHASE,80502013,19-Jan-21,19-Jan-21
80502014058,VASANTHANAGAR,80502014,19-Jan-21,19-Jan-21
80502014059,SARDAR PATEL,80502014,19-Jan-21,19-Jan-21
80502014060,BAGATHSINGH NAGAR,80502014,19-Jan-21,19-Jan-21
80502015061,GOKUL PLOTS,80502015,19-Jan-21,19-Jan-21
80502015062,9th PHASE,80502015,19-Jan-21,19-Jan-21
80502016063,6th PART 1,80502016,19-Jan-21,19-Jan-21
80502016064,6th PART 2,80502016,19-Jan-21,19-Jan-21
80502016065,JNTU,80502016,19-Jan-21,19-Jan-21
80502017066,VENKATESWARA,80502017,19-Jan-21,19-Jan-21
80502017067,BHUVANAVIJAYAM,80502017,19-Jan-21,19-Jan-21
80502018068,TRINITY,80502018,19-Jan-21,19-Jan-21
80502018069,MANJEERA,80502018,19-Jan-21,19-Jan-21
80502018070,AYODYA RAMALAYAM,80502018,19-Jan-21,19-Jan-21
80502019071,ROAD NO.1&2,80502019,19-Jan-21,19-Jan-21
80502019072,ROAD NO.3&4,80502019,19-Jan-21,19-Jan-21
80503020073,KAVURI HILLS,80503020,19-Jan-21,19-Jan-21
80503020074,KAKATIYA HILLS,80503020,19-Jan-21,19-Jan-21
80503020075,DOCTORS COLONY,80503020,19-Jan-21,19-Jan-21
80503020076,G B PET,80503020,19-Jan-21,19-Jan-21
80503021077,AYYAPPA SOCIETY,80503021,19-Jan-21,19-Jan-21
80503021078,MEGHA HILLS,80503021,19-Jan-21,19-Jan-21
80503021079,SAI NAGAR,80503021,19-Jan-21,19-Jan-21
80503022080,HARIJAN BASTI,80503022,19-Jan-21,19-Jan-21
80503022081,KUMMARI BASTI,80503022,19-Jan-21,19-Jan-21
80503022082,VITTAL RAO NAGAR,80503022,19-Jan-21,19-Jan-21
80503022083,AURONODAYA COLONY,80503022,19-Jan-21,19-Jan-21
80503023084,CHANDA NAGAR THANDA,80503023,19-Jan-21,19-Jan-21
80503024085,KHANAMET,80503024,19-Jan-21,19-Jan-21
80503024086,DATTATREYA NAGAR,80503024,19-Jan-21,19-Jan-21
80503025087,ANJANEYANAGAR,80503025,19-Jan-21,19-Jan-21
80503026088,SIDDIVINAYAKA NAGAR ,80503026,19-Jan-21,19-Jan-21
80503027089,SRIRAM NAGAR 1,80503027,19-Jan-21,19-Jan-21
80503027090,SRIRAM NAGAR 2,80503027,19-Jan-21,19-Jan-21
80503028091,SHIVALAXMI TEMPLE,80503028,19-Jan-21,19-Jan-21
80503028092,SAI PRITHVI ENCLAVE,80503028,19-Jan-21,19-Jan-21
80503028093,YELLAIAH NAGAR,80503028,19-Jan-21,19-Jan-21
80503029094,WHITE FIELD,80503029,19-Jan-21,19-Jan-21
80503029095,PRASHANTH NAGAR,80503029,19-Jan-21,19-Jan-21
80503029096,KOTHAGUDA,80503029,19-Jan-21,19-Jan-21
80503030097,KONDAPUR,80503030,19-Jan-21,19-Jan-21
80503030098,POLICE QUARTERS,80503030,19-Jan-21,19-Jan-21
80503030099,SAFARI NAGAR,80503030,19-Jan-21,19-Jan-21
80503030100,ANAND NAGAR,80503030,19-Jan-21,19-Jan-21
80503030101,SHILPA PARK,80503030,19-Jan-21,19-Jan-21
80503030102,RAGHAVENDRA COLONY,80503030,19-Jan-21,19-Jan-21
80503030103,ADITYA NAGAR,80503030,19-Jan-21,19-Jan-21
80504031104,MADURANAGAR,80504031,19-Jan-21,19-Jan-21
80504031105,VENGAL RAO NAGAR,80504031,19-Jan-21,19-Jan-21
80504031106,JAVAHAR NAGAR,80504031,19-Jan-21,19-Jan-21
80504031107,SRINIVAS NAGAR (WEST ),80504031,19-Jan-21,19-Jan-21
80504032108,MINAKSHIPURAM,80504032,19-Jan-21,19-Jan-21
80504032109,YADAGIRINAGAR,80504032,19-Jan-21,19-Jan-21
80504032110,BHAVANI NAGAR,80504032,19-Jan-21,19-Jan-21
80504032111,SANTHOSHIGIRI,80504032,19-Jan-21,19-Jan-21
80504032112,GTS COLONY,80504032,19-Jan-21,19-Jan-21
80504033113,KARMIKANAGAR,80504033,19-Jan-21,19-Jan-21
80504033114,SRIRAM NAGAR,80504033,19-Jan-21,19-Jan-21
80504033115,OMNAGAR,80504033,19-Jan-21,19-Jan-21
80504033116,B.S.NAGAR,80504033,19-Jan-21,19-Jan-21
80504034117,INDIRANAGAR,80504034,19-Jan-21,19-Jan-21
80504034118,KAMALANAGAR,80504034,19-Jan-21,19-Jan-21
80504034119,H.F.NAGAR,80504034,19-Jan-21,19-Jan-21
80504034120,PEDDAMMA NAGAR,80504034,19-Jan-21,19-Jan-21
80504035121,SITE-5,80504035,19-Jan-21,19-Jan-21
80504035122,BRAMHANVADI,80504035,19-Jan-21,19-Jan-21
80504035123,SUNIL NAGAR,80504035,19-Jan-21,19-Jan-21
80504035124,AMBEDKAR NAGAR,80504035,19-Jan-21,19-Jan-21
80504036125,SITE-1,80504036,19-Jan-21,19-Jan-21
80504036126,VINAYAK RAO NAGAR,80504036,19-Jan-21,19-Jan-21
80504036127,RAMARAO NAGAR,80504036,19-Jan-21,19-Jan-21
80504036128,RAJIV NAGAR,80504036,19-Jan-21,19-Jan-21
80504036129,ALLAPUR,80504036,19-Jan-21,19-Jan-21
80504037130,MOTHINAGAR,80504037,19-Jan-21,19-Jan-21
80504037131,SNEHAPURI COLONY,80504037,19-Jan-21,19-Jan-21
80504037132,BABBU GUDA,80504037,19-Jan-21,19-Jan-21
80504037133,AVANTI NAGAR,80504037,19-Jan-21,19-Jan-21
80504037134,SARATHI CO-OP SOCITY,80504037,19-Jan-21,19-Jan-21
80504038135,VIVEKANADANAGAR,80504038,19-Jan-21,19-Jan-21
80504038136,LAXMINAGAR,80504038,19-Jan-21,19-Jan-21
80504038137,TULASI NAGAR,80504038,19-Jan-21,19-Jan-21
80504038138, GAYATRI NAGAR,80504038,19-Jan-21,19-Jan-21
80504038139,PARVATH NAGAR,80504038,19-Jan-21,19-Jan-21
80504039140,AG COLONY,80504039,19-Jan-21,19-Jan-21
80504039141,NATARAJ NAGAR,80504039,19-Jan-21,19-Jan-21
80504039142,KALYAN NAGAR  VENCHER-3,80504039,19-Jan-21,19-Jan-21
80504039143,KALYAN NAGAR  VENCHER-2,80504039,19-Jan-21,19-Jan-21
80504039144,VIKAS PURI,80504039,19-Jan-21,19-Jan-21
80504039145,RAJIV NAGAR,80504039,19-Jan-21,19-Jan-21
80504040146,PREM NAGAR,80504040,19-Jan-21,19-Jan-21
80504040147,VENKATESHWARA COLONY,80504040,19-Jan-21,19-Jan-21
80504040148,JANAPRIYA APRMT,80504040,19-Jan-21,19-Jan-21
80504040149,BANJARA NAGAR,80504040,19-Jan-21,19-Jan-21
80504040150,GOUTHMIPURI COLONY,80504040,19-Jan-21,19-Jan-21
80504040151,SULTAN NAGAR,80504040,19-Jan-21,19-Jan-21
80505041152,SANATH NAGAR,80505041,19-Jan-21,19-Jan-21
80505041153,SOUBHGYANAGAR,80505041,19-Jan-21,19-Jan-21
80505041154,TULASI NAGAR,80505041,19-Jan-21,19-Jan-21
80505041155,DASARAM BASTI,80505041,19-Jan-21,19-Jan-21
80505042156,ROAD NO.1,80505042,19-Jan-21,19-Jan-21
80505042157,ROAD NO.2,80505042,19-Jan-21,19-Jan-21
80505042158,ROAD NO.3,80505042,19-Jan-21,19-Jan-21
80505042159,ROAD NO.4,80505042,19-Jan-21,19-Jan-21
80505042160,ROAD NO.5,80505042,19-Jan-21,19-Jan-21
80505043161,UDAYNAGAR COLONY,80505043,19-Jan-21,19-Jan-21
80505043162,SHIVAJI NAGAR,80505043,19-Jan-21,19-Jan-21
80505043163,GANESH NAGAR,80505043,19-Jan-21,19-Jan-21
80505044164,ASHOK COLONY,80505044,19-Jan-21,19-Jan-21
80505044165,SANATH NAGAR BUS STOP,80505044,19-Jan-21,19-Jan-21
80505044166,SUBASNAGAR,80505044,19-Jan-21,19-Jan-21
80505045167, PIPELINE  ROAD,80505045,19-Jan-21,19-Jan-21
80505045168,NETAJI NAGAR -1,80505045,19-Jan-21,19-Jan-21
80505045169,NETAJI NAGAR -2,80505045,19-Jan-21,19-Jan-21
80505045170,RAMALAYAM BASTI,80505045,19-Jan-21,19-Jan-21
80505046171,SHISHUMANDI,80505046,19-Jan-21,19-Jan-21
80505046172,LB SHASTINAGAR,80505046,19-Jan-21,19-Jan-21
80505046173,INDIRAGANDI PURAM,80505046,19-Jan-21,19-Jan-21
80505046174,BAGATHSINGH PARK AREA,80505046,19-Jan-21,19-Jan-21
80505047175,ESI COLONY,80505047,19-Jan-21,19-Jan-21
80505047176,SR NAGAR COMMUNITY HALL,80505047,19-Jan-21,19-Jan-21
80505047177,SR NAGAR PS AREA,80505047,19-Jan-21,19-Jan-21
80505048178,TILANAGAR,80505048,19-Jan-21,19-Jan-21
80505048179,AMEERPET,80505048,19-Jan-21,19-Jan-21
80505048180,DARAMKARAM ROAD,80505048,19-Jan-21,19-Jan-21
80505048181,SIKKUVADA,80505048,19-Jan-21,19-Jan-21
80505048182,LAL BAGLA,80505048,19-Jan-21,19-Jan-21
80505048183,MAITRIVANAM,80505048,19-Jan-21,19-Jan-21
80505048184,GURUDWARA,80505048,19-Jan-21,19-Jan-21
80505049185,BALKAMPET TEMPLE,80505049,19-Jan-21,19-Jan-21
80505049186,PRASHANTH NAGAR,80505049,19-Jan-21,19-Jan-21
80505049187,VENKATESHWARA COLONY,80505049,19-Jan-21,19-Jan-21
80505050188,HARIJANA BASTI,80505050,19-Jan-21,19-Jan-21
80505050189,SN GRAMAPANCHAYATHI AREA,80505050,19-Jan-21,19-Jan-21
80505050190,FN GP AREA,80505050,19-Jan-21,19-Jan-21
80506051191,Harihara Temple,80506051,19-Jan-21,19-Jan-21
80506051192,Yuvasena Ground,80506051,19-Jan-21,19-Jan-21
80506051193,Shakti nagar ,80506051,19-Jan-21,19-Jan-21
80506052194,Bhavani nagar,80506052,19-Jan-21,19-Jan-21
80506052195,Deendayal nagar,80506052,19-Jan-21,19-Jan-21
80506052196,Prabhakar reddy nagar,80506052,19-Jan-21,19-Jan-21
80506053197,Moosapet ,80506053,19-Jan-21,19-Jan-21
80506053198,Hanuman Chowk ,80506053,19-Jan-21,19-Jan-21
80506053199,Yadav basti,80506053,19-Jan-21,19-Jan-21
80506054200,Narsimha Swami Temple,80506054,19-Jan-21,19-Jan-21
80506054201,Pragathi Nagar Road 5,80506054,19-Jan-21,19-Jan-21
80506054202,Pragathi Nagar Road 10,80506054,19-Jan-21,19-Jan-21
80506055203,Gowtami school,80506055,19-Jan-21,19-Jan-21
80506055204,Goods road,80506055,19-Jan-21,19-Jan-21
80506055205,Sriram Basti,80506055,19-Jan-21,19-Jan-21
80506056206,Anjaneya nagar,80506056,19-Jan-21,19-Jan-21
80506056207,Shakthi nagar ,80506056,19-Jan-21,19-Jan-21
80506056208, Vasundara Hospital,80506056,19-Jan-21,19-Jan-21
80506057209,Rainbow Vistas,80506057,19-Jan-21,19-Jan-21
80506057210,Kaithalapur,80506057,19-Jan-21,19-Jan-21
80507058211,Somaiah nagar,80507058,19-Jan-21,19-Jan-21
80507058212,Birrappa nagar,80507058,19-Jan-21,19-Jan-21
80507058213,Rikshapullar colony,80507058,19-Jan-21,19-Jan-21
80507059214,Dharani nagar,80507059,19-Jan-21,19-Jan-21
80507059215,Tulsi nagar,80507059,19-Jan-21,19-Jan-21
80507059216,Papaiah nagar,80507059,19-Jan-21,19-Jan-21
80507060217,Shiridi hills,80507060,19-Jan-21,19-Jan-21
80507060218,Bhuodevi hills,80507060,19-Jan-21,19-Jan-21
80507060219,Rajeev gruhakalpa,80507060,19-Jan-21,19-Jan-21
80507060220,Oddera basti,80507060,19-Jan-21,19-Jan-21
80507061221,Sai nagar east,80507061,19-Jan-21,19-Jan-21
80507061222,Sai nagar west,80507061,19-Jan-21,19-Jan-21
80507061223,Kamalaprasanna nagar,80507061,19-Jan-21,19-Jan-21
80507062224,Madhav nagar,80507062,19-Jan-21,19-Jan-21
80507062225,Venkateshwara nagar,80507062,19-Jan-21,19-Jan-21
80507062226,Anjaiah nagar,80507062,19-Jan-21,19-Jan-21
80507063227,Lenin nagar,80507063,19-Jan-21,19-Jan-21
80507063228,Umadevi nagar,80507063,19-Jan-21,19-Jan-21
80507064229,Madura nagar,80507064,19-Jan-21,19-Jan-21
80507065230,A block,80507065,19-Jan-21,19-Jan-21
80507065231,B block,80507065,19-Jan-21,19-Jan-21
80507065232,C block,80507065,19-Jan-21,19-Jan-21
80507065233,R.k nagar,80507065,19-Jan-21,19-Jan-21
80507066234,Hanumman nagar,80507066,19-Jan-21,19-Jan-21
80507066235,Deenabandhu colony,80507066,19-Jan-21,19-Jan-21
80507067236,Gandhi nagar,80507067,19-Jan-21,19-Jan-21
80507067237,Maruthi nagar,80507067,19-Jan-21,19-Jan-21
80507067238,V.R.R. nagar,80507067,19-Jan-21,19-Jan-21
80507067239,Gurumurthi nagar,80507067,19-Jan-21,19-Jan-21
80507067240,Nandha Nagar,80507067,19-Jan-21,19-Jan-21
80507067241,Giri nagar,80507067,19-Jan-21,19-Jan-21
80507068242,Ranga reddy nagar,80507068,19-Jan-21,19-Jan-21
80507068243,Panch sheela colony,80507068,19-Jan-21,19-Jan-21
80508069244,Pragathi Nagar,80508069,19-Jan-21,19-Jan-21
80508070245,Sai Nagar,80508070,19-Jan-21,19-Jan-21
80508070246,Jagan Studios,80508070,19-Jan-21,19-Jan-21
80508071247,Rajeev Gruhakalpa,80508071,19-Jan-21,19-Jan-21
80508072248,Nizampet,80508072,19-Jan-21,19-Jan-21
80508072249,Madhura Nagar,80508072,19-Jan-21,19-Jan-21
80508072250,Srinivasa Nagar,80508072,19-Jan-21,19-Jan-21
80508072251,191 Survey ,80508072,19-Jan-21,19-Jan-21
80508072252,Lake view colony,80508072,19-Jan-21,19-Jan-21
80508072253,Nagarjuna Homes,80508072,19-Jan-21,19-Jan-21
80508073254,Bandari Layout,80508073,19-Jan-21,19-Jan-21
80508073255,Balaji Nagar,80508073,19-Jan-21,19-Jan-21
80508074256,Rajeev Gandhi Nagar,80508074,19-Jan-21,19-Jan-21
80508074257,Satyam Hights,80508074,19-Jan-21,19-Jan-21
80508075258,Ramnaresh Nagar,80508075,19-Jan-21,19-Jan-21
80508075259,Hill County,80508075,19-Jan-21,19-Jan-21
80508075260,Hyder nagar,80508075,19-Jan-21,19-Jan-21
80508075261,Mayuri Nagar,80508075,19-Jan-21,19-Jan-21
80508075262,Indiramma Colony,80508075,19-Jan-21,19-Jan-21
80508075263,KTR Colony,80508075,19-Jan-21,19-Jan-21
80508076264,Yellamma Banda,80508076,19-Jan-21,19-Jan-21
80508076265,Shamshiguda,80508076,19-Jan-21,19-Jan-21
80508076266,Sainagar,80508076,19-Jan-21,19-Jan-21
80508077267,Jaya Nagar,80508077,19-Jan-21,19-Jan-21
80508077268,Jal Vayu Vihar,80508077,19-Jan-21,19-Jan-21
80508078269,HMT Hills,80508078,19-Jan-21,19-Jan-21
80508078270,Tulasi Nagar,80508078,19-Jan-21,19-Jan-21
80508078271,Aditya Nagar,80508078,19-Jan-21,19-Jan-21
80509079272,JPN Nagar,80509079,19-Jan-21,19-Jan-21
80509079273,B.K. Enclave,80509079,19-Jan-21,19-Jan-21
80509079274,Prajay Shelters,80509079,19-Jan-21,19-Jan-21
80509080275,Kousalya nagar,80509080,19-Jan-21,19-Jan-21
80509080276,Mayuri Nagar,80509080,19-Jan-21,19-Jan-21
80509080277,New Colony,80509080,19-Jan-21,19-Jan-21
80509081278,Widea Colony,80509081,19-Jan-21,19-Jan-21
80509081279,Balaji Nagar,80509081,19-Jan-21,19-Jan-21
80509082280,IDPL,80509082,19-Jan-21,19-Jan-21
80509082281,Venkata Ramana Colony,80509082,19-Jan-21,19-Jan-21
80509082282,Mathrusree Nagar,80509082,19-Jan-21,19-Jan-21
80509083283,Madhav Nagar,80509083,19-Jan-21,19-Jan-21
80509083284,Bhanu Township,80509083,19-Jan-21,19-Jan-21
80509084285,Sai Nagar,80509084,19-Jan-21,19-Jan-21
80509084286,Prem Nagar,80509084,19-Jan-21,19-Jan-21
80509085287,Allwyn Indra Reddy Colony,80509085,19-Jan-21,19-Jan-21
80509085288,Maitri Nagar,80509085,19-Jan-21,19-Jan-21
80509086289,Madinaguda,80509086,19-Jan-21,19-Jan-21
80509086290,Pranam Hospital Lane,80509086,19-Jan-21,19-Jan-21
80509087291,PJR Colony,80509087,19-Jan-21,19-Jan-21
80509087292,Deepthisri nagar,80509087,19-Jan-21,19-Jan-21
80509087293,M.A. Nagar,80509087,19-Jan-21,19-Jan-21
80509088294,Prashanth nagar,80509088,19-Jan-21,19-Jan-21
80509088295,Stalin Nagar,80509088,19-Jan-21,19-Jan-21
80509088296,D.K. Enclave,80509088,19-Jan-21,19-Jan-21
80509089297,HMT Swarnapuri,80509089,19-Jan-21,19-Jan-21
80509089298,Maktha,80509089,19-Jan-21,19-Jan-21
80509089299,Janapriya West city,80509089,19-Jan-21,19-Jan-21
80510090300,Doctor Ji Nagar,80510090,19-Jan-21,19-Jan-21
80510090301,My home jewel,80510090,19-Jan-21,19-Jan-21
80510090302,Engineers enclave,80510090,19-Jan-21,19-Jan-21
80510091303,Huda colony,80510091,19-Jan-21,19-Jan-21
80510091304,Gangaram ,80510091,19-Jan-21,19-Jan-21
80510091305,Sai ram nagar,80510091,19-Jan-21,19-Jan-21
80510092306,Huda phase 2,80510092,19-Jan-21,19-Jan-21
80510092307,Shanthi nagar,80510092,19-Jan-21,19-Jan-21
80510092308,Chandanagar,80510092,19-Jan-21,19-Jan-21
80510093309,Kailash nagar,80510093,19-Jan-21,19-Jan-21
80510093310,Jawahar nagar,80510093,19-Jan-21,19-Jan-21
80510093311,Vemukunta,80510093,19-Jan-21,19-Jan-21
80510093312,GNR estates,80510093,19-Jan-21,19-Jan-21
80510094313,Vemana colony,80510094,19-Jan-21,19-Jan-21
80510094314,Weak section(s),80510094,19-Jan-21,19-Jan-21
80510094315,Teachers colony,80510094,19-Jan-21,19-Jan-21
80510094316,Vidya nagar,80510094,19-Jan-21,19-Jan-21
80510094317,Suraksha colony,80510094,19-Jan-21,19-Jan-21
80510095318,Gauthami nagar,80510095,19-Jan-21,19-Jan-21
80510095319,Friends colony,80510095,19-Jan-21,19-Jan-21
80510095320,Shilpa enclave,80510095,19-Jan-21,19-Jan-21
80510095321,Annapurna enclave,80510095,19-Jan-21,19-Jan-21
80510095322,West metro Apartments,80510095,19-Jan-21,19-Jan-21
80510096323,Taranagar,80510096,19-Jan-21,19-Jan-21
80510097324,Shivaji nagar,80510097,19-Jan-21,19-Jan-21
80510097325,Weaker section(s),80510097,19-Jan-21,19-Jan-21
80510097326,Telecom colony,80510097,19-Jan-21,19-Jan-21
80510097327,Indira nagar,80510097,19-Jan-21,19-Jan-21
80510097328,Maruthi nagar,80510097,19-Jan-21,19-Jan-21
80510098329,Rail vihar,80510098,19-Jan-21,19-Jan-21
80510098330,Old Lingampalli,80510098,19-Jan-21,19-Jan-21
80510098331,Venkat reddy colony,80510098,19-Jan-21,19-Jan-21
80510098332,Huda Trade Centre,80510098,19-Jan-21,19-Jan-21
80510098333,Laxmi Vihar,80510098,19-Jan-21,19-Jan-21
80510098334,Old MIG,80510098,19-Jan-21,19-Jan-21
80510099335,Gulmohar park colony,80510099,19-Jan-21,19-Jan-21
80510099336,Netaji,80510099,19-Jan-21,19-Jan-21
80510099337,Doctors Colony ,80510099,19-Jan-21,19-Jan-21
80510099338,Dubey colony,80510099,19-Jan-21,19-Jan-21
80510099339,Nallagandla,80510099,19-Jan-21,19-Jan-21
80510100340,Gopi nagar,80510100,19-Jan-21,19-Jan-21
80510100341,Adarsh nagar,80510100,19-Jan-21,19-Jan-21
80510100342,Nehru nagar,80510100,19-Jan-21,19-Jan-21
80510100343,Baapu nagar,80510100,19-Jan-21,19-Jan-21
80510100344,Doyens,80510100,19-Jan-21,19-Jan-21
80510101345,Papi reddy colony,80510101,19-Jan-21,19-Jan-21
80510101346,Rajiv gruha kalpa,80510101,19-Jan-21,19-Jan-21
80510101347,Surabhi colony,80510101,19-Jan-21,19-Jan-21
